0,1,0,1,2,0.5,0.03,1,1,0,0.001,0,0.001,0.545,-0.153,-0.195,0.764,-0.524,0,0,900,-45,-0.57,0.45,2.61,1.38,0,0,0,0,0,0.016,0,0,0,0.063,0,0,0,0,0.031,0.89,0,2.2,6,2.84,1.1,0,0,0,0,0,0,0,0,0,0,0,0,0,1,1,0,1,0,0,0,0,0,0,0,0,391,1223
0,1,0,1,2,0.36,0,1,1,0,0.004,0,0,0.457,-0.089,-0.046,3.46,-0.522,0,0,840,-13,-3.77,0.15,3.22,1.07,0,0,0,0,0,0.528,0,0.142,0,0,0,0,0,0,0.165,0.165,0,58.44,37.64,13.08,1.5,0,0,0,0,0,0,0,0,0,0,0,0,1,0,1,1,0,0,0,0,0,0,0,0,0,1458,1632
0,1,0,1,2,0.43,0.04,1,1,0,0.004,0,0,-0.472,-1.74,-1.618,1.62,-3.25,0,0,973,16,0.42,0.84,-1.43,7.71,0,0,0,0,0,0.024,0,0,0,0.157,0,0,0,0.047,0.213,0.559,0.84,2.64,1,2.68,1.5,0,0,0,0,0,0,0,0,0,0,0,0,1,0,0,1,0,0,0,0,0,0,0,0,0,32879,116725
0,1,0,1,2,0.5,0.03,1,1,0,0.001,0,0,-0.511,0.019,0.018,3.18,0.158,0,0,840,-18,2.69,0.31,-0.56,-0.87,0,0.008,0.008,0,0,0.118,0,0.205,0,0,0,0,0,0.016,0.055,0.591,1.24,17.08,32.12,9,3.7,0,0,0,0,0,0,0,0,0,0,0,0,0,1,0,0,1,0,0,0,0,0,10,10,92.6488,5068,4881
0,1,0,0,0,0.53,0.04,1,1,0,0.025,0,0,0.587,0.1,0.111,2.52,0.534,0,0,940,-41,0.19,-0.24,-4.82,-1.79,0,0,0,0,0,0.087,0,0,0,0.016,0,0,0,0,0.134,0.764,0.81,3.4,10.48,2.6,2.2,0,0,0,0,0,0,0,0,0,0,0,0,1,0,1,0,1,0,0,0,0,0,0,0,0,66037,65347
0,1,0,0,0,0.3,0.01,1,1,0,0.317,0.808,0.942,0.375,0.919,1.16,4.76,3.58,908,5.43E-100,910,-14,-4.27,0.03,5.34,-0.92,0,0,0,0,0,0.008,0,0.016,0,0,0,0,0,0.008,0.126,0.843,0,2,6,2,0.7,0,0,0,0,0,0,0,0,0,0,0,0,0,0,1,0,0,0,0,0,0,0,0,0,0,25873,25966
0,0,1,1,1,0.5,0.07,0.333333,1,0,0,0,0,0,0,0,0,0,0,0,958,-18,2.25,0.1,-3.57,0.45,0,0,0,0,0,0,0,0,0,0.016,0,0,0,0,0.102,0.882,0,2,2,2,0.2,0,0,0,0,0,0,0,0,0,0,0,0,1,0,0,0,1,0,0,0,0,0,0,0,0,4513,4432
0,1,0,1,2,0.36,0.01,1,1,0,0.876,0.001,0.001,0.441,-0.258,-0.212,5.6,-1.82,2451.9,3.18E-296,962,-1,-0.05,0.34,4.56,1.31,0,0.008,0,0,0,0.008,0,0.094,0,0.008,0,0,0,0,0,0.882,0,4.28,7,3,0.3,0,0,0,0,0,0,0,0,0,0,0,0,0,0,1,0,0,0,0,0,0,0,0,0,0,379363,1705209
0,1,0,1,2,0.42,0.04,1,1,0,0.021,0,0,0.486,0.265,0.258,3.97,0.989,0,0,974,-14,2.52,0.26,0.05,-0.38,0,0,0,0,0,0.031,0,0.008,0,0.087,0,0,0,0.008,0.031,0.835,0,6.4,5.56,3.04,0.6,0,0,0,0,0,0,0,0,0,0,0,0,1,0,0,0,1,0,0,0,0,0,0,0,0,233597,470588
0,1,1,0,4,0.58,0.04,1,1,0,0.015,0.035,0.042,0.55,2.088,2.098,3.23,3.23,0,0,717,102,0.88,-0.54,-5.01,-2.59,0,0,0.024,0,0.016,0.276,0.016,0.646,0,0,0,0,0,0,0,0.024,0,20.04,40.72,6.6,1.3,1,2.09,1.39,1.6,0,1.29,3.23,0.03,0.02,0,0.11,0.19,0,1,0,1,0,0,0,1,0,0,18,19,86.7835,23721,9469
0,1,0,1,2,0.26,0.01,1,1,0,0.012,0.001,0.002,-0.492,-0.223,-0.174,2.89,-1.29,0,0,928,-8,0.97,-0.12,-3.4,-1.2,0,0,0,0,0,0,0,0,0,0,0,0,0,0,0.008,0.992,0,3,2,2,0.1,0,0,0,0,0,0,0,0,0,0,0,0,0,0,1,0,0,0,0,0,0,0,0,0,0,621619,152097
0,1,0,1,2,0.4,0.01,1,1,0,0.002,0,0,0.379,1.352,1.414,2.39,2.39,0,0,753,-45,-4.44,0.26,4.09,-0.89,0,0,0,0,0,0.024,0,0,0,0.016,0,0,0,0,0.031,0.929,0,5.24,2.64,2,0.9,0,0,0,0,0,0,0,0,0,0,0,0,0,0,1,0,0,0,0,0,0,0,0,0,0,181594,19251
0,1,0,0,0,0.39,0.03,1,1,0,0.103,0.005,0.002,0.651,0.467,0.255,4.16,1.17,0,0,881,-18,2.04,0,1.33,-1.46,0,0,0,0,0,0,0,0,0,0,0,0,0,0,0.244,0.756,0,7,3,4.92,0.9,0,0,0,0,0,0,0,0,0,0,0,0,1,0,0,1,0,0,0,0,0,0,0,0,0,47817,17076
0,1,1,0,4,0.59,0.08,1,1,0,0.002,0,0,0.645,0.005,0.1,4.59,0.51,716.9,4.48E-46,384,10,0.52,0.45,-0.48,4.48,0,0.961,0,0.008,0,0,0,0.008,0,0,0.008,0,0,0,0,0.016,0,13,0,41.16,0.1,1,16,16,10.4,14,3.2,4.09,0.68,0.07,0.3,0.41,0.16,1,1,0,0,0,0,0,0,0,0,37,58,825.2952,64,156036
0,1,0,1,2,0.4,0.01,1,1,0,0.257,0,0,-0.309,-0.532,-0.515,3.46,-2.73,0,0,851,98,2.35,0.21,-3.28,-0.55,0,0,0,0,0,0.031,0,0.102,0,0.031,0,0,0,0,0.071,0.764,0,3.2,8.28,2,0.8,0,0,0,0,0,0,0,0,0,0,0,0,0,1,1,1,0,0,0,0,0,0,17,17,181.2962,41660,13183
0,1,0,0,0,0.42,0.04,1,1,0,0.002,0,0,-0.286,-1.356,-0.964,2.39,-4.78,0,0,988,22,2.14,0.21,3.14,0.99,0,0,0,0,0,0.016,0,0.008,0,0.142,0,0,0,0.008,0.15,0.677,0.44,3,5,2,1.8,0,0,0,0,0,0,0,0,0,0,0,0,1,0,0,1,0,0,0,0,0,0,0,0,0,11655,18192
0,1,0,1,2,0.53,0.04,1,1,0,0.003,0,0,-1.307,-2.845,-2.714,3.5,-7.01,0,0,840,52,-2.13,0.08,2.06,-0.97,0,0,0.016,0,0,0.457,0,0.205,0,0,0,0,0,0.016,0.15,0.157,16.56,64,48.6,11.44,2.3,3,0.53,0,1.07,0,0,0,0.01,0.01,0,0.01,0.01,1,0,1,0,0,0,0,0,0,0,0,0,0,1326,1500
0,1,0,1,2,0.24,0.05,1,1,0,0.106,0.116,0.169,0.249,0.252,0.268,0.199,0.199,0,0,968,3,-0.74,0.07,3.46,-1.31,0,0,0,0,0.024,0.087,0,0,0,0,0,0,0,0,0.055,0.835,0,1.92,3.4,3,0.1,0,0,0,0,0,0,0,0,0,0,0,0,0,0,0,1,0,0,0,0,0,0,0,0,0,20343,128347
0,1,0,1,2,0.42,0,1,1,0,0.002,0,0,-0.146,-0.313,-0.317,4.5,-1.57,0,0,914,-7,0.18,0.07,2.87,1.22,0,0,0,0,0,0.087,0,0.055,0,0,0,0,0,0,0.016,0.843,0,4.52,10.68,4.24,2.2,0,0,0,0,0,0,0,0,0,0,0,0,0,0,1,1,0,0,0,0,0,0,0,0,0,536761,194659
0,1,0,1,2,0.38,0,1,1,0,0.024,0,0.001,0.255,0.353,0.396,2.46,1.24,0,0,730,6,-0.74,1.08,2.59,9.95,0,0,0,0,0,0.063,0,0,0,0,0,0,0,0.008,0.276,0.654,0,4,3.2,0.92,1.1,0,0,0,0,0,0,0,0,0,0,0,0,0,0,1,0,1,0,0,0,0,0,0,0,0,31908,20317
0,1,0,0,0,0.46,0.04,1,1,0,0,0,0,-1.549,-0.963,-0.577,4.04,-1.77,0,0,1000,-53,-4.5,0.04,4.78,1.36,0,0,0,0,0,0.008,0,0.024,0,0.071,0,0,0,0,0.126,0.772,0,10,3.76,5,1,0,0,0,0,0,0,0,0,0,0,0,0,1,0,0,0,0,0,0,0,0,0,1,1,46.4644,135671,100007
0,1,0,1,2,0.4,0.01,1,1,0,0.29,0.808,0.986,-0.18,0.723,1.169,5.73,3.89,470,3.04E-30,907,-12,-3.95,0.4,3.15,1.88,0,0,0,0,0,0.15,0,0.008,0,0.008,0,0,0,0,0.039,0.795,0,3,4,2,0.7,0,0,0,0,0,0,0,0,0,0,0,0,1,0,0,0,1,0,0,0,0,0,0,0,0,564613,166807
0,1,1,0,4,0.46,0.03,1,1,0,0.013,0,0.001,-0.14,-0.041,-0.035,3.79,-0.0692,0,0,839,4,1.82,0.26,-3.08,1.56,0,0,0,0,0,0.449,0,0.236,0,0,0,0,0,0.031,0.134,0.15,9.94,109.36,10.76,11.72,0.5,1,3.13,2.54,1.61,0,0,1.51,0.06,0.02,0,0.03,0.07,0,1,0,0,1,0,0,0,0,0,7,8,103.4006,1004,1178
0,1,0,1,2,0.55,0.13,1,1,0,0.037,0.995,0.995,-0.425,0.061,0.178,4.54,0.855,2216,6.28E-242,754,57,1.8,0.16,-3.56,0.52,0,0.748,0.181,0,0,0,0,0,0,0,0.024,0.047,0,0,0,0,1.07,48.16,12.04,166.72,0.9,2,16,16,3.97,15.7,3.4,3.39,0.5,0.03,0.29,0.44,0.11,0,1,0,1,0,2,-0.1,1,0,-0.013,11,12,82.3868,188,5373
0,1,0,1,2,0.44,0,1,1,0,0.099,0.028,0.024,0.53,1.133,1.054,6.17,5.01,0,0,344,-1,-3.57,0.1,3.94,1.33,0,0,0,0.008,0.079,0.055,0,0,0,0,0.008,0,0,0.622,0.213,0.016,23.57,3,4.08,2,2.4,1,2.3,2.2,1.02,0,0,0,0.06,0.01,0.02,0.02,0.01,1,0,0,0,0,0,0,0,0,0,0,0,0,2776,772
0,1,0,1,2,0.52,0.01,0,0,0,0.001,0,0,-1.265,-0.945,-0.895,0.69,-1.38,0,0,740,-50,-3.76,0.09,3.86,1.34,0,0,0,0,0,0.087,0,0,0,0,0,0,0,0,0.087,0.827,0,1,3,2,0.3,0,0,0,0,0,0,0,0,0,0,0,0,0,0,0,1,0,0,0,0,0,0,0,0,0,169583,10070
0,1,0,0,0,0.57,0.03,1,1,0,0,0,0,-0.342,-0.358,-0.35,1.23,-1.12,0,0,0,0,-3.95,0.04,3.26,0.73,0,0,0,0,0,0.047,0,0.047,0,0.016,0,0,0.016,0.063,0.291,0.52,0,2,2,2,1.2,2,5.17,6.37,0,0,0,0,0.2,0.01,0.01,0.06,0.05,1,1,1,1,1,1,0,0,0,0,0,0,0,51413,39402
0,1,0,0,0,0.57,0,1,1,0,0.046,0,0,0.557,-0.462,-0.452,3.58,-2.04,0,0,736,-31,0.85,0.66,-1.91,4.83,0,0,0,0,0.008,0.465,0.008,0.449,0,0,0,0,0,0,0.039,0.031,0,5.88,17.24,2.96,1.3,0,0,0,0,0,0,0,0,0,0,0,0,0,0,0,0,1,1,0.31,0,0,0,0,0,0,11521,11984
0,1,0,1,2,0.45,0,1,1,0,0,0,0,0.651,-0.026,-0.017,0.946,0.0149,0,0,915,9,-0.87,0.45,-0.95,6.17,0,0,0,0,0,0.11,0,0.024,0,0,0,0,0,0,0.016,0.85,0.84,3.56,3.04,2,1,0,0,0,0,0,0,0,0,0,0,0,0,0,1,1,1,0,0,0,0,0,0,1,1,32.8486,536571,194849
0,1,0,1,2,0.42,0.04,1,1,0,0.93,0.368,0.985,-0.309,-0.009,0.208,5.18,1.15,470,3.04E-30,907,-4,-4.05,0.12,5.03,0.46,0,0,0,0,0,0.15,0,0.008,0,0.008,0,0,0,0,0.039,0.795,0,3,4.68,2,1,0,0,0,0,0,0,0,0,0,0,0,0,0,1,1,1,1,1,-0.88,0,0,0,0,0,0,564562,166858
0,1,0,1,2,0.34,0.01,1,1,0,0,0,0,-1.311,-0.278,-0.274,4.16,-1.47,0,0,847,20,2.69,0.15,-1.5,0.27,0,0,0,0,0,0.047,0,0.008,0,0,0,0,0,0,0.268,0.677,0,3.32,2.04,3,0.3,0,0,0,0,0,0,0,0,0,0,0,0,0,0,1,0,1,0,0,0,0,0,0,0,0,26103,26122
0,1,0,0,0,0.56,0,1,1,0,0,0,0,0.462,0.045,0.073,1.59,0.225,0,0,988,-26,-1.22,1.15,1.61,9.62,0,0,0,0,0,0.008,0,0,0,0.142,0,0,0,0.016,0.181,0.654,0,5,2,3,2.3,0,0,0,0,0,0,0,0,0,0,0,0,1,0,1,0,1,0,0,0,0,0,0,0,0,190663,195103
0,0,1,1,1,0.66,0.13,1,1,0,0.025,0.002,0.002,-0.281,-0.067,-0.053,1.17,-0.134,0,0,940,-72,-3.44,0.02,3.48,0.85,0,0,0,0,0,0.094,0,0.244,0,0,0,0,0.024,0,0.102,0.535,0,13.2,21.76,4,1.2,2,0.75,1.37,0,0,0,0,0.03,0,0,0.02,0,1,0,1,0,0,0,0,0,0,0,0,0,0,5545,3020
0,1,0,0,0,0.44,0.03,1,1,0,0.009,0.002,0.002,0.474,0.072,0.112,1.55,0.305,0,0,988,12,0.29,0.45,1.78,2.56,0,0,0,0,0,0.016,0,0.039,0,0.189,0,0,0,0.008,0.165,0.583,0,3.2,7.76,5,1.3,0,0,0,0,0,0,0,0,0,0,0,0,0,1,1,1,1,0,0,0,0,0,0,0,0,16276,22813
0,1,0,0,0,0.49,0.07,0,0,0,0.001,0.001,0.002,-1.17,-1.17,-1.123,0.149,-0.298,0,0,819,55,2.31,0.26,-2.93,1.38,0,0,0,0,0,0,0,0,0,0.126,0,0,0,0,0.055,0.819,0.62,2,2,2,0.6,0,0,0,0,0,0,0,0,0,0,0,0,0,1,1,0,0,0,0,0,0,0,0,0,0,6070,6803
0,1,0,1,2,0.32,0,1,1,0,0.987,0.575,0.719,0.53,2.008,2.096,3.94,3.94,305,1.53E-21,279,-16,0.29,0.47,2.54,2.02,0,0.008,0.071,0,0,0.315,0,0.504,0,0,0,0,0,0,0,0.102,0,10.04,23.52,10,0.6,1,6.33,3.18,4.42,1.32,16,0,0.07,0.04,0.03,1.7,0.02,0,1,0,0,1,1,-0.09,0,0,0,1,1,70.9544,22875,57704
0,1,1,0,4,0.48,0.01,1,1,0,0.021,0.001,0.001,-0.25,0.092,0.093,2.33,0.46,0,0,767,17,2.38,0.23,-3.01,-0.25,0,0,0.024,0,0,0.094,0,0.748,0,0,0,0,0,0,0.016,0.118,0,130.64,35.68,7.92,0.7,2,4.11,3.47,2.12,3.37,0,1.94,0.09,0.02,0.06,0.03,0.09,0,1,0,1,1,0,0,0,0,0,20,26,205.6352,5639,46976
0,1,0,0,0,0.44,0,1,1,0,0.012,0,0,-1.596,-1.905,-1.811,1.14,-2.28,0,0,832,-68,0.43,0.17,3.2,0.88,0,0,0,0,0,0.024,0,0.024,0,0.055,0,0,0,0.079,0.488,0.331,0,2.08,3.52,3,1.9,0,0,0,0,0,0,0,0,0,0,0,0,1,0,0,1,0,0,0,0,0,0,1,1,39.5527,15319,11246
0,1,0,1,2,0.47,0.01,0.5,1,0,0.002,0.002,0.003,0.299,0.294,0.303,0.225,0.225,0,0,319,-51,0.19,0.28,3.07,1.79,0,0,0,0,0,0.024,0,0,0,0,0,0,0,0.551,0.378,0.047,0.81,3,2,2,0.8,0,0,0,0,0,0,0,0,0,0,0,0,1,0,0,0,1,0,0,0,0,0,0,0,0,4478,861
0,1,0,1,2,0.32,0,1,1,0,0.997,0.99,0.764,0.651,1.202,0.941,4.88,3.04,441.4,3.65E-26,794,24,-1.97,-0.3,1.17,-0.91,0,0,0,0,0,0.236,0,0.15,0,0,0,0,0,0.008,0.079,0.528,0.64,2.24,6.92,5.76,0.5,0,0,0,0,0,0,0,0,0,0,0,0,1,0,0,1,0,0,0,0,0,0,2,2,80.4488,55113,41725
0,1,0,0,0,0.3,0.01,1,1,0,0.003,0.004,0.006,-0.281,0.16,0.161,1.52,0.54,0,0,940,16,-2.15,-0.28,2.16,-1.06,0,0,0,0,0,0,0,0,0,0,0,0,0,0,0.087,0.913,0,3,2,2.6,0.5,0,0,0,0,0,0,0,0,0,0,0,0,1,0,0,1,0,0,0,0,0,0,0,0,0,60296,59606
0,1,0,0,0,0.35,0,0,0.333333,0,0.356,0.357,0.432,-1.533,-1.517,-1.464,0.118,-0.237,0,0,969,-23,-2.49,-0.03,1.66,-1.12,0,0,0,0,0,0.008,0,0.016,0,0.087,0,0,0,0,0,0.89,0,1,0,0,0.3,0,0,0,0,0,0,0,0,0,0,0,0,0,0,0,1,0,0,0,0,0,0,0,0,0,106861,107164
0,1,0,1,2,0.48,0.01,1,1,0,0.003,0,0,0.462,-0.284,-0.262,2.53,-1.3,0,0,756,-16,-1.63,-0.61,1.74,-1.54,0,0,0,0,0,0.024,0,0,0,0.134,0,0,0,0,0.031,0.811,0,3,1,2.92,3,0,0,0,0,0,0,0,0,0,0,0,0,0,1,1,1,0,0,0,0,0,0,0,0,0,176695,2958
0,1,0,1,2,0.4,0.03,1,1,0,0,0.003,0,-0.295,0.747,0.439,4.52,2.08,0,0,972,-28,-3.77,0.47,3.92,1.08,0,0,0,0,0,0.024,0,0.008,0,0.087,0,0,0,0,0.031,0.85,0,0.84,1.8,1,0.4,0,0,0,0,0,0,0,0,0,0,0,0,0,0,0,1,0,0,0,0,0,0,0,0,0,234098,470087
0,1,0,0,0,0.4,0.05,1,1,0,0,0,0.001,-0.945,0.016,0.363,4.66,0.651,0,0,977,61,-1.91,0.12,1.38,-0.75,0,0,0,0,0,0,0,0,0,0.094,0,0,0,0,0.071,0.835,0,3.4,1,2,0.7,0,0,0,0,0,0,0,0,0,0,0,0,0,0,1,0,1,0,0,0,0,0,0,0,0,119143,111205
0,1,0,1,2,0.41,0.03,1,1,0,0.01,0,0,-0.309,-1.17,-1.078,3.46,-5.32,0,0,840,-70,-0.91,-0.27,3.13,0.13,0,0,0,0,0,0.409,0.008,0.417,0,0,0,0,0,0.008,0.031,0.126,0.53,33.28,24.36,5.76,2,0,0,0,0,0,0,0,0,0,0,0,0,1,0,1,1,0,0,0,0,0,0,1,1,67.2745,37515,105753
0,1,0,0,0,0.4,0.01,1,1,0,0.026,0.158,0.232,-0.14,0.026,0.021,4.24,0.123,191.5,4.81E-12,977,10,-2.53,-0.02,1.96,-1.17,0,0,0,0,0,0,0,0,0,0.039,0,0,0,0,0.165,0.795,0,1,1.28,1,0.8,0,0,0,0,0,0,0,0,0,0,0,0,0,0,0,1,0,0,0,0,0,0,0,0,0,261184,260421
0,1,0,1,2,0.45,0.05,0,1,0,0.002,0.002,0.002,-1.171,-1.182,-1.155,0.109,-0.218,0,0,711,-24,-4.09,0.02,4.2,0.63,0,0,0,0,0,0.339,0,0.165,0,0,0,0,0,0,0,0.496,0,4,4.8,1.52,0.8,0,0,0,0,0,0,0,0,0,0,0,0,0,1,1,0,1,0,0,0,0,0,0,0,0,12209,108316
0,1,0,0,0,0.44,0.03,1,1,0,0.003,0.01,0.978,-1.105,-0.423,-0.223,0.471,-0.942,0,0,923,18,-1.9,-0.3,1.17,-1.11,0,0,0,0,0,0.024,0,0,0,0.055,0,0,0,0,0.063,0.858,0,2.56,3,3,1,0,0,0,0,0,0,0,0,0,0,0,0,1,0,0,0,1,0,0,0,0,0,0,0,0,12716,76451
0,1,0,1,2,0.3,0,1,1,0,0.953,1,1,0.651,1.514,1.496,4.54,3.67,513.1,1.62E-37,547,-3,-1.69,0.75,1.53,3.07,0,0,0,0,0.008,0.291,0.031,0.071,0,0,0,0,0,0.016,0.087,0.496,0,2.96,2,2.64,0.3,0,0,0,0,0,0,0,0,0,0,0,0,0,1,1,1,1,0,0,0,0,0,1,1,91.3954,37628,30634
0,1,1,0,4,0.54,0.01,1,1,0,0,0,0,0.48,0.696,0.709,0.779,0.779,0,0,946,69,2.46,-0.01,1.25,-1.43,0,0,0,0,0,0.008,0,0.087,0.016,0.244,0,0,0,0.016,0.142,0.488,0,4.84,7.84,3.16,1.6,0,0,0,0,0,0,0,0,0,0,0,0,1,0,1,1,0,0,0,0,0,0,0,0,0,36934,39741
0,1,0,1,2,0.3,0,1,1,0,0.419,0.422,0.515,0.283,0.278,0.285,0.128,0.128,0,0,984,11,2.09,0.26,0.65,-0.9,0,0,0,0,0,0,0,0,0,0.008,0,0,0,0,0.079,0.913,0,3,2,1.8,0.2,0,0,0,0,0,0,0,0,0,0,0,0,0,1,1,1,1,0,0,0,0,0,0,0,0,146384,84595
0,1,0,1,2,0.55,0.13,1,1,0,0.08,0.001,0.001,0.651,0.266,0.268,3.13,1.12,0,0,843,18,1.8,0.04,-3.68,0.62,0,0.669,0.291,0,0,0.008,0,0.016,0,0,0,0.008,0,0,0,0.008,0,127,10.68,56,0.4,2,14.61,13.3,4.8,13,2.08,3.01,0.26,0.04,0.41,0.17,0.09,1,1,0,0,0,2,0.04,0,0,0,60,80,381.4983,6914,208
0,1,1,0,4,0.58,0.03,1,1,0,0,0,0,-0.453,-1.17,-1.08,0.67,-1.34,0,0,946,85,1.9,0.21,-3.69,0.38,0,0,0,0,0,0.016,0,0.063,0.016,0.252,0,0,0,0.016,0.142,0.496,0,3,6.4,5.08,1.5,0,0,0,0,0,0,0,0,0,0,0,0,1,0,1,0,0,0,0,0,0,0,3,3,212.5056,36710,39517
0,1,0,0,0,0.5,0.07,0,0,0,0.001,0.001,0.001,0.158,0.16,0.172,0.149,0.149,0,0,819,47,-2.27,-0.01,1.52,-1.23,0,0,0,0,0,0,0,0,0,0.126,0,0,0,0,0.055,0.819,0.62,2,2,2,1,0,0,0,0,0,0,0,0,0,0,0,0,0,1,1,0,0,0,0,0,0,0,0,0,0,6075,6808
0,1,0,1,2,0.5,0.01,1,1,0,0.079,0,0,0.473,-0.021,-0.145,4.7,-1.23,0,0,944,-50,-3.44,0.02,3.48,0.85,0,0,0,0,0,0.024,0,0.024,0,0,0,0,0,0,0,0.953,0,4.48,6.64,3,1.2,0,0,0,0,0,0,0,0,0,0,0,0,1,0,1,0,1,0,0,0,0,0,1,1,52.9201,317471,398045
0,1,0,1,2,0.4,0.01,0.5,1,0,0.563,0.593,0.725,0.52,0.531,0.561,0.676,0.676,0,0,871,-23,-0.57,-0.41,2.42,-0.33,0,0,0,0,0,0.118,0,0.079,0,0,0,0,0,0,0,0.803,0,4,6.16,4.52,0.7,0,0,0,0,0,0,0,0,0,0,0,0,0,0,1,0,1,0,0,0,0,0,0,0,0,57531,657985
0,1,0,1,2,0.48,0.01,1,1,0,0.105,0,0,0.307,-0.403,-0.42,2.15,-1.54,0,0,566,-3,1.64,0.15,-2.51,1.53,0,0,0,0,0.016,0.425,0,0.024,0.016,0.134,0,0,0,0,0,0.386,0.83,5.52,10.68,4.64,1,0,0,0,0,0,0,0,0,0,0,0,0,0,0,1,1,1,0,0,0,0,0,0,0,0,5085,59533
0,1,0,0,0,0.38,0,1,1,0,0.686,0.002,0.002,0.557,0.632,0.632,2.54,1.66,0,0,902,-16,0.4,-0.04,2.44,1.11,0,0,0,0,0,0.024,0,0,0,0,0,0,0,0,0.102,0.874,0,3,7.6,1.76,1.4,0,0,0,0,0,0,0,0,0,0,0,0,1,0,1,1,0,0,0,0,0,0,0,0,0,44452,57402
0,1,0,1,2,0.43,0.03,1,1,0,0.002,0,0,0.53,0.315,0.37,3.92,1.48,0,0,925,15,1.65,0.28,-2.32,0.47,0,0.008,0.016,0,0,0.008,0,0.102,0,0.008,0,0,0,0,0,0.858,0,20.84,12.68,13,0.9,3,2.24,0.91,2.25,0,3.64,0,0.02,0.02,0.01,0.24,0.03,0,1,1,1,0,0,0,0,0,0,1,1,52.2422,26,23852
0,1,0,1,2,0.38,0,1,1,0,0.002,0,0,-2.072,-2.517,-2.474,4.09,-8.17,0,0,917,20,0.29,0.44,1.51,2.09,0,0.008,0.008,0,0,0.087,0,0.031,0,0,0,0,0,0,0.024,0.843,0,4.72,3.72,4,1,0,0,0,0,0,0,0,0,0,0,0,0,0,0,1,0,0,0,0,0,0,0,0,0,0,535678,195742
0,1,0,0,0,0.44,0.03,1,1,0,0.002,0,0,-1.139,-2.153,-1.954,3.98,-7.97,0,0,844,97,1.49,0.2,-2.41,-0.35,0,0,0,0,0,0.016,0,0.079,0,0.008,0,0,0,0.016,0.315,0.567,0,3,2.28,4.56,1,0,0,0,0,0,0,0,0,0,0,0,0,0,1,1,1,0,1,-0.03,0,0,0,0,0,0,51663,28023
0,1,1,0,4,0.56,0.03,1,1,0,0.005,0,0,0.557,-0.017,-0.008,3.04,0.00934,0,0,717,-33,2.23,0,1.33,-2.41,0,0,0.024,0,0.016,0.276,0.016,0.646,0,0,0,0,0,0,0,0.024,0,20.04,40.72,6.6,1,1,2.09,1.39,1.6,0,1.29,3.23,0.03,0.02,0,0.11,0.19,0,1,0,1,0,0,0,0,0,0,18,19,86.7835,23724,9472
0,1,0,0,0,0.42,0,1,1,0,0.194,0,0,-0.804,-0.333,-0.336,4.48,-1.74,0,0,979,-40,-2.01,0.36,1.47,-0.9,0,0,0,0,0,0,0,0,0,0.039,0,0,0,0,0.165,0.795,0,2,2.24,3,1.5,0,0,0,0,0,0,0,0,0,0,0,0,0,0,0,1,0,0,0,0,0,0,0,0,0,261325,260562
0,1,0,1,2,0.46,0.03,1,1,0,0.019,0,0,0.455,0.428,0.513,4.35,2.09,0,0,194,70,-2.18,0.03,1.43,-0.3,0,0,0,0.008,0.748,0.213,0.016,0,0,0,0,0,0,0,0,0.016,0,7.04,5.6,3,0.8,0,0,0,0,0,0,0,0,0,0,0,0,0,0,1,1,0,0,0,0,0,0,0,0,0,60451,6618
0,1,0,1,2,0.72,0.16,1,1,0,0.058,0.001,0.001,0.299,-0.214,-0.211,0.666,-0.406,0,0,843,-3,-2.38,-0.06,1.99,-1.08,0,0.764,0.213,0.008,0,0.008,0,0.008,0,0,0,0,0,0,0,0,0,181.36,14.12,144.84,0.2,2,14.61,13.3,4.8,13,2.08,3.01,0.26,0.04,0.41,0.17,0.09,1,1,0,0,0,0,0,0,0,0,40,48,381.4983,945,390
0,1,1,0,4,0.52,0,1,1,0,0.113,0,0,-0.373,-0.238,-0.046,4.84,-0.602,0,0,735,-50,-4.23,0.02,4.2,0.19,0,0,0.016,0,0.008,0.386,0.016,0.504,0,0,0,0,0,0,0.039,0.031,0,21.12,26.48,3,1.3,0,0,0,0,0,0,0,0,0,0,0,0,0,1,0,0,1,0,0,0,0,0,5,5,64.6176,11680,11825
0,1,0,0,0,0.44,0.03,1,1,0,0.003,0,0,0.604,-0.016,-0.029,3.83,-0.126,0,0,976,-32,-1.44,-0.37,0.43,-0.47,0,0,0,0,0,0.008,0,0,0,0.039,0,0,0,0,0.165,0.787,0,2.16,4.48,4,1.1,0,0,0,0,0,0,0,0,0,0,0,0,0,0,1,0,1,0,0,0,0,0,0,0,0,260405,259642
0,1,1,0,4,0.45,0.01,1,1,0,0.003,0,0,-0.89,-0.082,-0.056,2.11,-0.386,0,0,1000,-56,-1.43,1.09,1.04,7.86,0,0,0.008,0,0,0,0,0.055,0,0.441,0,0,0,0,0.055,0.441,0,105.92,24.28,12.88,0.8,1,8.05,7.08,2.32,0,0,3.05,0.16,0.02,0,0.03,0.18,0,1,1,1,0,0,0,0,0,0,0,0,0,133815,105243
0,1,1,0,4,0.38,0.03,1,1,0,0.09,0.107,0.141,0,0.43,0.449,0,0,0,0,912,99,2.01,0.26,-2.64,-0.86,0,0,0.047,0,0,0.039,0,0.228,0,0,0,0,0,0.008,0.11,0.567,0,3.32,13.92,4.12,1.9,1,6.75,6.12,2.69,0,0,0,0.1,0.03,0.01,0.02,0.02,0,1,1,1,0,0,0,0,0,0,3,4,69.8789,27020,26736
0,1,0,1,2,0.52,0.03,1,1,0,0.009,0.009,0.01,-1.554,-1.437,-1.287,0,0,0,0,980,-46,-0.32,1.15,2.36,9.28,0,0,0,0,0,0.008,0,0.031,0,0.008,0,0,0,0,0,0.953,0.53,6.16,9,3,1.6,0,0,0,0,0,0,0,0,0,0,0,0,0,0,1,0,1,0,0,0,0,0,0,0,0,380695,1703877
0,1,0,1,2,0.4,0.01,1,1,0,0.002,0.002,0.002,-0.295,0.2,0.239,1.95,0.742,0,0,865,-8,-0.98,0.53,1.86,1.34,0,0,0,0,0,0.008,0,0.008,0,0,0,0,0,0,0.094,0.89,0,1.28,5,4,0.9,0,0,0,0,0,0,0,0,0,0,0,0,0,0,1,0,1,0,0,0,0,0,0,0,0,5345,41004
0,1,0,0,0,0.49,0.01,0.5,1,0,0,0,0,-0.383,-0.39,-0.37,0.418,-0.603,0,0,906,-30,-3.64,0.1,3.94,1.03,0,0,0,0,0,0.031,0,0.024,0,0,0,0,0,0.118,0.205,0.622,0,2.4,5.24,4,1.8,0,0,0,0,0,0,0,0,0,0,0,0,0,1,1,0,1,0,0,0,0,0,0,0,0,55219,68169
0,1,0,0,0,0.4,0.03,1,1,0,0.002,0,0,-1.535,-3.144,-3.489,3.28,-6.55,0,0,1000,-100,1.4,0.16,-2.7,0.83,0,0,0,0,0,0.024,0,0.008,0,0.094,0,0,0,0.016,0.126,0.732,0,2,2,2.12,1.4,0,0,0,0,0,0,0,0,0,0,0,0,0,1,1,0,1,0,0,0,0,0,0,0,0,214813,95871
0,1,0,0,0,0.34,0.01,1,1,0,0.017,0,0,0.559,0.191,0.185,3.69,0.921,0,0,765,-75,-1.91,0.29,2.7,0.48,0,0,0,0,0,0.016,0,0,0,0,0,0,0,0,0.063,0.921,0,2,3.24,2,0.8,0,0,0,0,0,0,0,0,0,0,0,0,0,0,1,0,1,0,0,0,0,0,0,0,0,49772,49169
0,1,0,1,2,0.4,0,1,1,0,0.007,0,0,-0.446,-0.989,-0.922,2.9,-4.32,0,0,876,-16,-0.95,0.84,2.59,8.45,0,0,0,0,0,0,0,0.039,0,0,0,0,0,0,0.118,0.843,0,3,4,3,0.3,0,0,0,0,0,0,0,0,0,0,0,0,0,1,1,1,1,2,-0.93,0,0,0,0,0,0,8123,38226
0,1,0,1,2,0.28,0,1,1,0,0.038,0,0,-0.15,-0.579,-0.569,3.09,-2.19,0,0,911,39,-0.11,0.9,4.64,2.62,0,0,0,0,0,0.228,0,0,0,0.008,0,0,0,0,0.008,0.756,0,4.96,3,2,0.8,0,0,0,0,0,0,0,0,0,0,0,0,0,0,1,0,0,0,0,0,0,0,0,0,0,32531,2693
0,1,1,0,4,0.48,0.01,1,1,0,0.003,0,0.002,-0.406,-0.192,0.027,2.82,0.173,78.8,3.42E-15,994,88,-2.24,0.02,1.65,-0.5,0,0.063,0.087,0,0,0.071,0,0.236,0,0.031,0,0.024,0.008,0,0.142,0.339,0.89,13.04,18.32,14,1,2,5.96,4.11,3.19,1.24,0,2.32,0.11,0.02,0.02,0.02,0.05,0,1,0,0,1,0,0,0,0,0,11,15,102.5257,10028,9671
0,1,0,1,2,0.35,0.03,1,1,0,0.995,0.999,0.999,0.53,2.039,2.907,5.06,5.06,1033.5,3.72E-109,955,-1,-1.09,0.8,3.88,3.77,0,0,0,0,0,0.031,0,0.016,0,0.008,0,0,0,0,0.031,0.913,0,2,2,2,1,0,0,0,0,0,0,0,0,0,0,0,0,0,0,1,0,1,0,0,0,0,0,0,0,0,89664,14739
0,1,0,0,0,0.38,0.03,1,1,0,0.1,0,0,0.457,0.073,0.107,3.1,0.28,0,0,979,-3,0.29,0.44,1.51,2.09,0,0,0,0,0,0.008,0,0.008,0,0.008,0,0,0,0.008,0,0.969,0,1,2.8,3.32,1.3,0,0,0,0,0,0,0,0,0,0,0,0,1,0,1,0,1,0,0,0,0,0,0,0,0,53827,83666
0,1,0,1,2,0.47,0.01,1,1,0,0.006,0.004,0.004,0.249,0.252,0.268,0.195,0.195,0,0,914,-17,-1.75,-0.21,0.91,-1.16,0,0,0,0,0,0.008,0,0,0,0.008,0,0,0,0,0.008,0.976,0,1,1,3,2.4,0,0,0,0,0,0,0,0,0,0,0,0,0,0,0,1,0,0,0,0,0,0,0,0,0,333233,382283
0,1,0,1,2,0.3,0.01,1,1,0,0.159,0.002,0.002,0.158,0.424,0.451,0.521,0.521,0,0,893,-9,-1.4,1.36,5.96,4.41,0,0,0,0,0.118,0.22,0,0,0,0.008,0,0,0,0,0.031,0.622,0,0.4,2,1,0.1,0,0,0,0,0,0,0,0,0,0,0,0,0,0,0,1,0,0,0,0,0,0,0,0,0,100468,29133
0,1,0,0,0,0.53,0.03,1,1,0,0.008,0.001,0.001,0.307,0.638,0.641,0.678,0.678,0,0,994,-64,-0.75,0.24,1.77,0.99,0,0,0,0,0,0.055,0,0.244,0,0.031,0,0,0.031,0.024,0.165,0.449,0,2.88,5.08,1.96,1.8,0,0,0,0,0,0,0,0,0,0,0,0,0,1,1,1,0,0,0,0,0,0,0,0,0,11373,11016
0,1,0,0,0,0.55,0.01,1,1,0,0.002,0,0,-0.255,-0.315,-0.324,3.06,-1.05,0,0,897,-30,0.28,0.25,2.32,2.53,0,0,0.008,0,0,0.008,0,0.079,0,0.008,0,0.008,0.008,0,0.126,0.756,0,2.48,4,4,1.5,0,0,0,0,0,0,0,0,0,0,0,0,1,0,1,0,0,1,-0.29,0,0,0,0,0,0,34413,18768
0,1,0,1,2,0.44,0.01,1,1,0,0.015,0.001,0.001,0.553,0.992,1.004,3.5,2.6,0,0,840,18,-2.13,0.39,2.23,-0.87,0,0,0.016,0,0,0.457,0,0.205,0,0,0,0,0,0.016,0.15,0.157,13.66,45.92,29.4,7.84,2.2,0,0,0,0,0,0,0,0,0,0,0,0,1,0,1,1,0,0,0,0,0,0,2,2,41.1535,1244,1418
0,1,0,0,0,0.42,0.01,1,1,0,0.086,0,0,-0.415,-1.022,-0.971,4.21,-4.59,0,0,544,12,-3.48,0.09,4.17,0.55,0,0,0.039,0,0,0.016,0,0.283,0,0,0,0,0,0,0.008,0.654,0,3.32,24.96,5.28,0.5,1,3.25,1.93,2.36,0,0,0,0.05,0.02,0.01,0.02,0.02,0,1,1,1,0,0,0,0,0,0,5,5,76.3336,33534,35038
0,1,0,1,2,0.37,0.03,1,1,0,0.023,0,0,-0.381,-0.62,-0.561,2.94,-3.04,0,0,896,114,1.68,0.16,-3.56,0.64,0,0,0,0,0.134,0.197,0,0.016,0,0.008,0,0,0,0,0.024,0.622,1.33,2,8,2,0.9,0,0,0,0,0,0,0,0,0,0,0,0,0,1,1,1,1,0,0,0,0,0,0,0,0,101766,27835
0,1,0,0,0,0.36,0.01,1,1,0,0.001,0.001,0.001,0.53,0.541,0.572,0.694,0.694,0,0,881,-1,-2.73,0.06,2.04,-0.76,0,0,0,0,0,0.055,0,0.024,0,0,0,0,0,0,0.157,0.764,0,1,5,6,0.5,0,0,0,0,0,0,0,0,0,0,0,0,1,0,1,1,0,0,0,0,0,0,1,1,82.5453,24086,37036
0,1,0,0,0,0.34,0.01,1,1,0,0.012,0.002,0.002,-0.255,-0.063,-0.036,3.45,-0.375,0,0,984,7,-4.23,0.02,4.2,0.19,0,0,0,0,0,0,0,0,0,0.031,0,0,0,0,0.165,0.803,0,1.12,1,2,0.9,0,0,0,0,0,0,0,0,0,0,0,0,0,0,1,0,1,0,0,0,0,0,0,0,0,262069,261306
0,1,0,1,2,0.7,0.24,1,1,0,0.118,0.997,0.998,0.451,1.878,1.915,2.88,2.88,613.4,2.01E-35,752,70,-1.15,0.64,-2.05,5.74,0,0.74,0.142,0,0,0,0,0,0,0,0.063,0.047,0,0,0.008,0,0.84,36.96,4.92,116.08,0.3,2,16,16,3.97,15.7,3.4,3.39,0.5,0.03,0.29,0.44,0.11,1,0,1,0,0,0,0,0,0,0,4,6,62.8945,655,4906
0,1,0,0,0,0.47,0.03,1,1,0,0.009,0,0,0.486,-0.331,-0.307,1.38,-1.11,0,0,889,8,-1.24,1.02,1.86,7.65,0,0,0,0,0,0.008,0,0,0,0.008,0,0,0,0.165,0.496,0.323,0,1.88,1.72,1,1,0,0,0,0,0,0,0,0,0,0,0,0,0,1,1,1,1,0,0,0,0,0,0,0,0,7068,5651
0,1,0,1,2,0.64,0.11,0.333333,1,0.95,0,0,0,0,0,0,0,0,0,0,981,-18,-2.28,0.11,3.93,0.41,0,0,0,0,0,0.016,0,0,0,0.102,0,0,0,0,0.118,0.764,0,1,4,1,0.9,0,0,0,0,0,0,0,0,0,0,0,0,0,0,0,1,0,0,0,0,0,0,0,0,0,89817,59787
0,1,0,1,2,0.4,0.05,1,1,0,0.017,0.024,0.04,0.486,0.373,0.367,3.29,1.42,0,0,754,-25,0.33,0.25,2.32,2.19,0,0,0,0,0,0.024,0,0,0,0.039,0,0,0,0,0.031,0.906,0,2.96,3.96,4.28,1,0,0,0,0,0,0,0,0,0,0,0,0,0,0,1,0,1,0,0,0,0,0,0,0,0,175957,3696
0,1,0,0,0,0.44,0.03,1,1,0,0.006,0,0,0.604,-0.04,-0.048,3.83,-0.288,0,0,976,15,1.86,0.15,-2.51,0.83,0,0,0,0,0,0.008,0,0,0,0.039,0,0,0,0,0.165,0.787,0,2.16,4.48,4,0.8,0,0,0,0,0,0,0,0,0,0,0,0,0,0,0,1,0,2,0.5,0,0,0,0,0,0,260421,259658
0,1,0,1,2,0.3,0.01,1,1,0,0.003,0,0,0.52,-0.453,-0.404,3.54,-2.49,0,0,920,-5,-4.06,0.4,3.15,1.35,0,0,0,0,0,0,0,0,0,0,0,0,0,0,0.008,0.992,0,1,2.12,2.72,0.5,0,0,0,0,0,0,0,0,0,0,0,0,0,0,1,0,1,1,0.12,0,0,0,0,0,0,628215,145501
0,1,0,1,2,0.51,0,0,0.5,0,0.005,0.001,0.001,0.188,-0.66,-0.611,0.435,-0.869,0,0,705,-36,0.06,0.07,2.87,1.55,0,0,0,0,0,0.315,0,0.213,0,0,0,0,0,0,0,0.472,1.24,2.44,3,1,0,0,0,0,0,0,0,0,0,0,0,0,0,0,0,0,1,0,0,0,0,0,0,0,0,0,13195,107330
0,1,0,1,2,0.4,0.01,1,1,0,0.344,0.552,0.799,0.651,1.51,1.858,5.33,4.34,485.6,3.31E-55,956,-15,-0.53,0.8,3.88,2.88,0,0,0,0,0,0.024,0,0.024,0,0.008,0,0,0,0,0.024,0.921,0,1,2,0.8,2.1,0,0,0,0,0,0,0,0,0,0,0,0,0,1,1,1,1,0,0,0,0,0,6,6,99.4569,90503,13900
0,1,0,1,2,0.39,0,1,1,0,0.007,0,0,0.249,-2.051,-2.052,1.89,-3.78,0,0,747,42,-3.3,0.44,1.51,0.65,0,0,0,0,0,0.039,0,0,0,0.008,0,0,0,0,0.031,0.921,0,3.6,2.48,2.72,1.8,0,0,0,0,0,0,0,0,0,0,0,0,0,1,1,0,1,0,0,0,0,0,0,0,0,174484,5169
0,1,0,1,2,0.46,0.01,1,1,0,0.004,0,0,-0.176,-0.226,-0.224,3.18,-0.989,0,0,782,-32,1.66,0.28,-2.32,0.46,0,0.008,0,0,0,0.126,0,0.299,0,0,0,0,0.008,0.008,0.11,0.441,0,29.2,17.44,4.4,1.8,1,6.1,5.22,2.35,1.14,0,0,0.14,0.02,0.03,0.02,0.03,0,1,0,0,1,1,0,0,0,0,19,30,205.676,695,40643
0,1,0,1,2,0.4,0,1,1,0,0.005,0,0,0.457,0.025,0.061,2.69,0.206,0,0,962,-43,0.12,0.4,3.05,2.6,0,0,0,0,0,0.008,0,0,0,0,0,0,0,0,0.008,0.984,0,1.04,2,3.6,1.2,0,0,0,0,0,0,0,0,0,0,0,0,0,0,0,1,0,0,0,0,0,0,0,0,0,505830,1578742
0,1,0,1,2,0.45,0.03,1,1,0,0.044,0.032,0.037,0.307,1.47,1.463,2.06,2.06,0,0,566,-26,2.33,0.19,-2.76,0.16,0,0,0,0,0.016,0.441,0,0,0.024,0.15,0,0,0,0,0,0.37,0.83,7,9.32,3.8,1.7,0,0,0,0,0,0,0,0,0,0,0,0,0,0,1,1,1,0,0,0,0,0,0,0,0,5034,59584
0,1,0,0,0,0.6,0.05,1,1,0,0.002,0.002,0.002,0.457,-0.363,-0.297,3.57,-1.97,0,0,991,-43,-2.88,-0.76,3.05,-1.57,0,0,0,0,0,0.024,0,0.15,0,0.094,0,0,0.016,0.071,0.205,0.441,0,2,5,1.96,2.5,2,0.87,1.52,0,0,0,0,0.04,0.01,0,0.01,0,1,0,1,0,1,0,0,0,0,0,0,0,0,22720,21671
1,0,0,0,1,0.4,0.01,1,1,0,0.001,0,0,-0.422,-2.287,-2.239,2.32,-4.64,0,0,945,3,1.43,0.15,-2.11,-0.08,0,0,0,0,0,0.087,0,0.008,0,0.008,0,0,0,0.008,0.323,0.567,0,4,4,2,2.3,0,0,0,0,0,0,0,0,0,0,0,0,0,1,1,1,0,0,0,0,0,0,0,0,0,4649,5176
0,1,1,0,4,0.53,0.05,1,1,0,0.084,0.006,0.004,0.551,1.184,0.775,4.62,2.61,204.9,1.21E-24,835,-20,2.3,0.35,-2.39,0.34,0,0,0.031,0,0,0.087,0,0.276,0,0,0,0,0,0,0.024,0.583,0,17.28,45.52,24.36,0.4,2,9.83,6.58,4.68,3.41,1.74,4.7,0.13,0.03,0.07,0.13,0.09,0,1,0,1,1,0,0,0,0,0,35,46,374.8053,4224,3968
0,1,0,1,2,0.49,0.03,0,0.5,0,0.036,0.034,0.043,0.255,0.259,0.275,0.235,0.235,0,0,918,-24,-3.53,0.02,3.82,0.66,0,0,0,0,0,0.024,0,0,0,0.008,0,0,0,0,0,0.969,0,2,5.36,1,2.7,0,0,0,0,0,0,0,0,0,0,0,0,0,1,1,1,1,0,0,0,0,0,1,1,25.2362,538843,234873
0,1,0,1,2,0.48,0.05,1,1,0,0.003,0,0,-0.273,-0.792,-0.751,3.18,-3.42,0,0,844,2,-2.21,-0.03,1.66,-1.07,0,0.039,0.567,0,0,0.024,0,0.299,0,0,0,0.008,0.031,0,0.016,0.016,0,191.16,100.04,61.36,1.5,1,14.61,13.3,4.8,13,2.08,3.01,0.26,0.04,0.27,0.17,0.06,0,1,0,1,1,0,0,0,0,0,13,13,181.4007,243,7972
0,0,0,0,2,0.52,0.05,1,1,0,0.057,0,0,0.557,0.04,0.038,4.2,0.376,0,0,793,18,3.38,-0.34,-0.05,-1.76,-0.1666,0.016,0,0.031,0,0.016,0,0.016,0,0.008,0.079,0.055,0.118,0.622,0.031,0.008,75.76,13.16,14.44,14.28,0.6,2,2.08,2.06,0.91,0,0,1.35,0.06,0.01,0.02,0.05,0.07,1,0,1,0,0,0,0,0,0,0,2,5,119.6061,4052,2167
0,1,0,0,0,0.54,0.01,1,1,0,0,0,0,-0.347,-1.472,-1.393,2.44,-4.88,0,0,988,-28,2.69,0.14,-0.62,-0.57,0,0,0,0,0,0.008,0,0,0,0.134,0,0,0,0.008,0.173,0.677,0,2.32,1,2,2.5,0,0,0,0,0,0,0,0,0,0,0,0,0,1,1,1,0,0,0,0,0,0,0,0,0,189771,194211
0,1,0,1,2,0.36,0,1,1,0,0.004,0,0.001,-0.329,0.035,0.072,4.05,0.259,210.9,2.84E-13,985,-5,-0.9,0.88,3.28,7.71,0,0,0,0,0,0.008,0,0,0,0.016,0,0,0,0,0,0.976,0,3,1,2,1.2,0,0,0,0,0,0,0,0,0,0,0,0,0,0,0,1,0,1,-0.1,0,0,0,2,3,130.8117,363643,1720929
0,1,0,0,0,0.35,0.01,0,1,0,0.059,0.059,0.074,-1.091,-1.104,-1.08,0.118,-0.237,0,0,969,66,-2.2,0.36,1.47,-0.5,0,0,0,0,0,0.008,0,0,0,0.11,0,0,0,0,0,0.882,0,1,1,2,1,0,0,0,0,0,0,0,0,0,0,0,0,0,0,0,1,0,0,0,0,0,0,0,0,0,107627,107930
0,1,1,0,4,0.46,0.01,1,1,0,0.491,0.004,0.005,0.553,0.546,0.56,0.556,0.556,0,0,828,22,-2.2,0.36,1.47,-0.5,0,0,0,0,0,0.016,0,0.087,0,0.008,0,0,0.016,0.118,0.48,0.276,0,5.6,12.64,3.84,1.6,2,1.97,1.92,0.93,0,2.35,0,0.05,0.01,0,0.27,0.06,0,1,0,0,1,0,0,0,0,0,17,20,235.6652,20523,16450
0,1,0,0,0,0.51,0.04,1,1,0.95,0.13,0.13,0.359,0.124,0.123,0.666,0.736,0.736,0,0,977,69,-2.03,-0.03,1.66,-1.06,0,0,0,0,0,0,0,0,0,0.031,0,0,0,0,0,0.969,0,2,2,4,2.5,0,0,0,0,0,0,0,0,0,0,0,0,1,0,1,0,1,0,0,0,0,0,0,0,0,310359,310270
0,1,0,0,0,0.44,0.01,1,1,0,0.991,0.998,0.94,0.651,2.524,3.258,4.9,4.9,3684.1,0,531,-54,0.21,-0.04,-6.46,-0.19,0,0,0.039,0,0,0.102,0,0.299,0,0,0,0,0,0,0.008,0.551,0,3,8.88,3.76,1.7,0,0,0,0,0,0,0,0,0,0,0,0,0,1,1,1,0,0,0,0,0,0,2,2,44.7097,34805,36309
0,1,0,0,0,0.29,0,0.5,1,0,0.046,0.047,0.05,0.11,0.109,0.111,0,0,0,0,969,32,-1.16,0.78,-2.66,5.71,0,0,0,0,0,0,0,0,0,0,0,0,0,0,0.039,0.961,0,0.36,2,2,0.9,0,0,0,0,0,0,0,0,0,0,0,0,0,0,1,0,1,0,0,0,0,0,0,0,0,133509,133593
0,1,0,0,0,0.55,0.07,1,1,0,0.003,0,0,-1.334,-2.429,-2.41,1.65,-3.31,0,0,994,74,-0.78,0.32,-0.94,5.68,0,0,0,0,0,0,0,0,0.016,0.354,0,0,0,0,0.26,0.37,0,4,2,5,0.6,0,0,0,0,0,0,0,0,0,0,0,0,1,0,1,0,1,0,0,0,0,0,0,0,0,19084,18727
0,1,0,1,2,0.48,0.04,1,1,0,0.051,0.009,0.015,-0.443,0.099,0.113,2.42,0.523,0,0,974,107,-2.46,0.24,2.27,-1.26,0,0,0,0,0,0.024,0,0,0,0.094,0,0,0,0.024,0.244,0.614,0,4.16,2,3.4,2.3,0,0,0,0,0,0,0,0,0,0,0,0,0,1,1,1,1,0,0,0,0,0,0,0,0,34818,114786
0,1,1,0,4,0.46,0.01,1,1,0,0.003,0,0,-0.644,-0.031,-0.006,2.41,-0.131,0,0,828,-38,0.06,0.1,-3.51,-1.78,0,0,0,0,0,0.016,0,0.079,0,0.008,0,0,0.008,0.118,0.488,0.283,0,6.68,13.56,4.08,0.9,0,0,0,0,0,0,0,0,0,0,0,0,1,0,0,0,0,0,0,0,0,0,4,4,45.162,20383,16310
0,1,0,1,2,0.36,0,1,1,0,0.132,0.005,0.004,0.447,0.037,0.063,1.37,0.143,0,0,597,12,-4.27,0.03,5.34,-0.92,0,0,0,0,0,0.039,0,0.315,0,0,0,0,0,0,0.016,0.63,0.81,3.96,17.64,3,0.8,0,0,0,0,0,0,0,0,0,0,0,0,1,0,0,1,1,5,0.38,0,0,0,0,0,0,17145,37868
0,1,0,1,2,0.4,0,1,1,0,0.026,0.004,0.005,0,0,0,0,0,0,0,908,-3,-1.7,-0.54,1.14,-1.69,0,0,0,0,0,0.055,0,0,0,0,0,0,0,0,0.008,0.937,0.64,4.96,1.56,2.52,0.6,0,0,0,0,0,0,0,0,0,0,0,0,0,0,1,0,0,0,0,0,0,0,0,0,0,544274,187146
0,1,1,0,4,0.6,0.08,1,1,0,0.204,0.031,0.036,0.53,0.94,1.027,4.31,3.12,0,0,340,16,-0.87,0.85,1.25,7.04,0,0.039,0.055,0,0.008,0,0,0.016,0,0,0.181,0.276,0.134,0.244,0.039,0.008,8.94,94.08,38.28,39.32,2.1,2,8.95,8.85,2.6,4.8,1.6,1.41,0.28,0.02,0.14,0.15,0.07,1,0,1,0,0,0,0,0,0,0,3,3,336.1044,138,1104
0,1,0,0,0,0.39,0.03,1,1,0,0.05,0.005,0.007,0.412,0.002,0.021,1.28,0.00479,0,0,988,9,-0.22,0.93,4.4,1.99,0,0,0,0,0,0.031,0,0,0,0.157,0,0,0,0,0.118,0.693,0,2.16,1.84,2,1.9,0,0,0,0,0,0,0,0,0,0,0,0,0,1,1,0,1,0,0,0,0,0,0,0,0,15053,8516
0,1,0,1,2,0.32,0.03,1,1,0,0.101,0.001,0,0.462,0.906,0.239,3.8,1.95,0,0,906,8,-0.91,0.8,4.74,3.31,0,0,0,0,0.063,0.197,0,0,0,0,0,0,0,0,0.031,0.709,20.32,3,2,4,0.3,0,0,0,0,0,0,0,0,0,0,0,0,0,0,1,0,1,0,0,0,0,0,1,1,27.9087,34879,345
0,1,0,1,2,0.28,0,1,1,0,0.123,0.539,0.581,0.462,2.014,1.982,3.02,3.02,0,0,877,12,0.54,0.74,-1.19,6.55,0,0,0,0,0,0,0,0,0,0,0,0,0,0,0.134,0.866,0,1,1,2.88,0.3,0,0,0,0,0,0,0,0,0,0,0,0,0,0,0,1,0,0,0,0,0,0,0,0,0,9572,36777
0,1,1,0,4,0.53,0,1,1,0,0.003,0,0,-1.102,-0.652,-0.612,3.38,-3.02,0,0,717,-19,-2.35,0.13,2.01,-1.08,0,0,0.039,0,0.016,0.346,0.016,0.559,0,0,0,0,0,0,0,0.024,0,20.28,47.08,8,1.9,1,2.09,1.39,1.6,0,1.29,3.23,0.03,0.02,0,0.11,0.19,0,1,0,1,0,0,0,0,0,0,14,15,86.7835,23808,9556
0,1,0,1,2,0.6,0.07,1,1,0,0.166,0,0,0.651,0.369,0.372,4.52,1.67,601.8,1.25E-23,601,-56,-0.74,0.51,-1.71,4.79,0,0,0,0,0.047,0.205,0.11,0.11,0,0,0,0,0,0,0.142,0.386,2.66,5.04,16.48,1.36,0.5,3,1.39,0.91,1.26,0,0,0,0.02,0.02,0,0.02,0,1,0,1,0,1,0,0,0,0,0,1,1,182.6972,2630,1649
0,1,0,1,2,0.44,0.03,1,1,0,0.003,0.002,0.816,-1.356,-1.375,-1.206,0,0,0,0,940,-27,1.08,0.5,3.09,6.21,0,0,0,0,0,0,0,0,0,0.047,0,0,0,0.008,0.323,0.622,0.44,1.16,2,4,1.7,0,0,0,0,0,0,0,0,0,0,0,0,0,1,1,1,1,0,0,0,0,0,0,0,0,32652,15787
0,1,0,0,0,0.56,0.03,1,1,0,0.001,0,0,-0.795,-1.067,-1.048,1.82,-3.64,0,0,988,-55,0.81,0.26,1.85,2.09,0,0,0,0,0,0.008,0,0,0,0.142,0,0,0,0.016,0.173,0.661,0,2,2,2,1.6,0,0,0,0,0,0,0,0,0,0,0,0,1,0,1,0,1,0,0,0,0,0,0,0,0,189859,194299
0,1,0,1,2,0.4,0,1,1,0,0.008,0,0.001,0.299,-0.491,-0.449,0.524,-1.03,0,0,911,34,-3.76,0.02,3.87,0.7,0,0,0,0,0,0.228,0,0,0,0,0,0,0,0,0.016,0.756,0,3.04,2,4,0.4,0,0,0,0,0,0,0,0,0,0,0,0,1,0,1,1,0,0,0,0,0,0,0,0,0,33131,2093
0,1,0,0,0,0.25,0.01,1,1,0,0.002,0.004,0.005,0.492,1.409,1.472,2.54,2.54,0,0,803,91,-2.39,-0.16,1.85,-1.29,0,0,0,0,0,0.008,0,0,0,0.008,0,0,0,0,0,0.984,0,4,5.24,1.08,0.4,0,0,0,0,0,0,0,0,0,0,0,0,0,0,0,1,0,0,0,0,0,0,0,0,0,12592,12976
0,1,0,0,0,0.5,0.09,1,1,0,0,0,0,0,-0.352,-1.126,1.29,-2.59,0,0,994,120,1.74,0.16,-3.56,0.54,0,0,0,0,0,0,0,0,0.008,0.339,0,0,0,0,0.26,0.394,0,1,1,3,0,0,0,0,0,0,0,0,0,0,0,0,0,0,0,0,1,0,0,0,0,0,0,0,0,0,18640,18283
0,1,1,0,4,0.5,0.04,1,1,0,0.001,0,0,-0.345,-0.387,-0.312,3.36,-1.87,0,0,837,-43,0.81,0.26,1.85,2.09,0,0,0.079,0,0,0.197,0,0.488,0,0,0,0.008,0.039,0.008,0.039,0.142,9.54,222.68,51.24,15.6,0.5,0,0,0,0,0,0,0,0,0,0,0,0,0,0,0,0,1,0,0,0,0,0,0,0,0,482,656
0,1,0,1,2,0.44,0.03,1,1,0,0.005,0,0,0.478,0.004,0.025,3.68,-0.011,0,0,876,-13,0.81,0.01,-3.63,-0.94,0,0,0,0,0,0,0,0,0,0,0,0,0,0,0.134,0.866,0,3,3.12,1,1.1,0,0,0,0,0,0,0,0,0,0,0,0,0,1,1,1,1,0,0,0,0,0,0,0,0,8884,37465
0,1,1,0,4,0.45,0.04,1,1,0,0.431,0,0.001,0.53,0.336,0.39,4.04,1.61,0,0,934,-46,0.01,0.39,2.17,2.23,0,0,0.016,0,0,0.055,0.008,0.063,0,0.016,0,0,0,0.031,0.102,0.709,0,5.84,17.36,4,1.8,3,0.58,0,1.14,0,0,0,0,0.01,0,0.04,0,0,0,0,1,0,0,0,0,0,0,4,4,74.929,10800,3381
0,1,0,0,0,0.4,0.04,1,1,0,0.092,0.003,0.004,0.538,1.262,1.285,1.75,1.75,0,0,945,93,1.69,-0.01,-2.89,0.58,0,0,0,0,0,0.094,0,0.024,0,0.016,0,0,0,0.142,0.409,0.315,0,3.6,3.28,4,0.9,0,0,0,0,0,0,0,0,0,0,0,0,0,0,1,0,1,0,0,0,0,0,0,0,0,36663,36557
0,1,0,1,2,0.34,0.01,1,1,0,0.004,0,0,0.455,-0.46,-0.4,3.11,-2.13,0,0,976,-28,-0.52,1.25,1.86,10.63,0,0,0,0,0,0,0,0,0,0.031,0,0,0,0,0.031,0.937,0,1,2.84,4,1,0,0,0,0,0,0,0,0,0,0,0,0,0,1,1,1,0,0,0,0,0,0,0,0,0,160054,70925
0,1,0,1,2,0.46,0.08,1,1,0,0.002,0.002,0.003,-0.92,-0.557,-0.512,0.496,-0.993,0,0,980,-32,-2.27,-0.16,1.85,-0.83,0,0,0,0,0,0.039,0,0,0,0.15,0,0,0,0.016,0.189,0.606,0,2.28,4,7.44,2.7,0,0,0,0,0,0,0,0,0,0,0,0,1,0,0,1,0,0,0,0,0,0,0,0,0,99898,49706
0,1,0,1,2,0.62,0.05,1,1,0,0.13,0,0,-1.102,-0.286,-0.262,1.36,-0.867,0,0,940,90,-2.31,0.36,1.47,-0.3,0,0,0,0,0,0,0,0.008,0,0.11,0,0,0,0.094,0.252,0.535,0.89,1,2.36,2.04,1.7,0,0,0,0,0,0,0,0,0,0,0,0,1,0,1,0,0,2,0.26,0,0,0,0,0,0,35845,19182
0,1,0,0,0,0.38,0.04,1,1,0,0,0,0,0.436,0.083,0.098,1.23,0.323,0,0,994,-43,-0.17,0.34,4.56,1.24,0,0,0.008,0,0,0.031,0,0.016,0,0.024,0,0,0,0.016,0.37,0.535,1.78,4,2.96,1,0.7,0,0,0,0,0,0,0,0,0,0,0,0,1,0,0,1,0,0,0,0,0,0,0,0,0,6072,5715
0,1,0,0,0,0.48,0.04,1,1,0,0.002,0,0,-0.307,-0.037,-0.004,3.62,-0.467,0,0,976,-56,-2.07,0.02,1.84,-0.61,0,0,0,0,0,0.008,0,0.024,0,0,0,0,0,0,0.22,0.748,41.75,5,4,3.56,1.8,0,0,0,0,0,0,0,0,0,0,0,0,0,1,1,1,1,0,0,0,0,0,0,0,0,52103,51340
0,1,1,0,4,0.47,0.03,1,1,0,0.302,0.562,0.66,0.645,1.3,1.656,4.79,3.88,1029.7,9.73E-162,818,53,2.3,0.35,-2.39,0.34,0,0,0,0,0,0.016,0,0.087,0,0,0,0,0.008,0.039,0.559,0.291,0,4,13.08,4.12,2.5,0,0,0,0,0,0,0,0,0,0,0,0,1,0,1,1,0,0,0,0,0,0,1,1,51.7341,23357,19284
0,1,1,0,4,0.5,0.01,1,1,0,0.016,0,0,-0.338,0.26,0.299,3.6,1.22,0,0,943,-35,-0.86,0.93,3.89,6.57,0,0.016,0.039,0,0,0.173,0,0.039,0,0,0,0,0.008,0.031,0.236,0.457,55.51,116.64,13.24,47.12,2.5,1,16,8.84,12.3,0,3.21,0,0.18,0.08,0,0.29,0,1,0,1,1,0,1,0.51,0,0,0,5,5,85.355,291,16181
0,1,1,0,4,0.82,0.3,1,1,0,0.021,0.018,0.028,0.481,0.465,0.433,4.3,1.86,2216,6.28E-242,762,-56,1.69,0.15,-2.51,1.08,0,0.953,0,0,0,0.039,0,0,0,0,0,0,0,0,0.008,0,1.68,79.84,4,62.52,0,2,16,16,5.26,15.7,6.13,3.78,0.5,0.04,0.29,0.64,0.11,1,1,0,0,0,7,0.19,0,0,0,24,30,274.228,237,6359
0,1,1,0,4,0.54,0.08,1,1,0,0.001,0,0,-1.624,-1.076,-1.048,3.11,-4.7,0,0,795,-51,-4.04,-0.01,4.47,0.47,0,0,0.024,0,0,0.118,0,0.307,0,0,0,0,0.031,0.047,0.063,0.409,0,19.72,13.6,6,1.3,0,0,0,0,0,0,0,0,0,0,0,0,1,0,1,0,0,0,0,0,0,0,3,3,74.5194,15096,14922
0,1,1,0,4,0.83,0.33,0.5,1,0,0.002,0,0,-0.498,-0.051,0.068,4.32,0.126,2216,6.28E-242,762,-80,-1.3,0.64,-1.46,5.01,0,0.953,0,0,0,0.039,0,0,0,0,0,0,0,0,0.008,0,1.68,79.84,4,62.52,0,2,16,16,5.26,15.7,6.13,3.78,0.5,0.04,0.29,0.64,0.11,1,1,0,0,0,0,0,0,0,0,22,27,274.228,244,6366
0,1,0,1,2,0.42,0.04,1,1,0,0.049,0.161,0.205,0.457,0.892,0.931,1.38,1.38,0,0,689,-62,0.33,0.07,2.87,1.16,0,0,0,0,0,0.134,0,0,0,0,0,0,0,0,0.016,0.85,0,2,3,2,0.7,0,0,0,0,0,0,0,0,0,0,0,0,0,1,1,0,0,0,0,0,0,0,0,0,0,455,784
0,1,0,0,0,0.54,0.05,1,1,0,0,0,0,-0.808,-1.759,-1.599,3.09,-5.5,0,0,990,82,-2.52,0.08,2.22,-1.01,0,0.008,0.008,0,0,0.024,0,0.236,0,0.079,0,0,0.024,0.055,0.181,0.386,0,5,18.64,5.52,1.6,2,2.55,2.6,0.91,0,0,0,0.06,0.01,0,0.02,0,1,0,1,0,1,1,0,0,0,0,0,0,0,23681,22632
0,1,0,1,2,0.49,0.05,1,1,0,0.05,0.004,0.005,0.249,-0.204,-0.161,0.833,-0.446,0,0,994,3,2.58,0.04,-2.78,0.22,0,0,0,0,0,0.016,0,0.016,0,0.024,0,0,0.024,0.213,0.528,0.181,0,3.6,7.84,2.96,1.1,0,0,0,0,0,0,0,0,0,0,0,0,1,0,0,0,0,0,0,0,0,0,1,1,61.5341,8383,4779
0,1,0,1,2,0.34,0.03,1,1,0,0.004,0.003,0.003,0.525,0.449,0.5,2.72,1.55,0,0,942,-69,-0.17,0.34,4.56,1.24,0,0,0,0,0.008,0.299,0,0.016,0,0,0,0,0,0,0.008,0.669,0,3,2.84,1,0.6,2,2.12,3.02,0.65,0,0,0,0.06,0.01,0.01,0.01,0.01,0,1,1,1,0,0,0,0,0,0,0,0,0,405340,105710
0,1,1,0,4,0.48,0.04,1,1,0,0.026,0.291,0.105,-0.144,1.212,1.424,4.42,3.55,0,0,834,16,3.15,0.2,0.62,-0.15,0,0,0.031,0,0,0.118,0,0.685,0,0,0,0,0,0,0.016,0.15,8.69,22.6,19.08,4.24,2.8,2,10.14,7.01,4.57,2.32,16,4.1,0.19,0.04,0.06,3.58,0.13,0,0,0,0,0,0,0,0,0,0,45,54,80.7416,100,75
0,1,0,1,2,0.33,0,1,1,0,0.063,0.064,0.087,0.249,0.252,0.268,0.225,0.225,0,0,693,0,-0.55,0.7,3.19,8.98,0,0,0,0,0,0.11,0,0.024,0,0,0,0,0,0,0.016,0.85,0,3,16.08,3,0.3,0,0,0,0,0,0,0,0,0,0,0,0,0,0,1,0,0,0,0,0,0,0,0,0,0,63617,273888
0,0,1,1,1,0.33,0,1,1,0,0.001,0,0,-0.47,-0.861,-0.927,0.819,-1.64,0,0,994,-1,-3.64,0.2,3.8,0.83,0,0,0,0,0,0.024,0,0.008,0,0,0,0,0,0.024,0.409,0.535,0,2,1,4.84,0.5,0,0,0,0,0,0,0,0,0,0,0,0,0,1,1,1,1,0,0,0,0,0,0,0,0,494,137
0,1,0,0,0,0.5,0.03,1,1,0,0.001,0,0,0.379,-0.391,-0.336,0.669,-1.07,0,0,1000,-48,0.07,0.72,4.97,1.9,0,0,0,0,0.008,0,0,0,0,0.417,0,0,0,0,0.079,0.496,0,1.96,2,2.44,2.3,0,0,0,0,0,0,0,0,0,0,0,0,1,0,1,0,1,0,0,0,0,0,2,5,91.4508,135551,103507
0,1,0,0,0,0.5,0.07,0,0,0,0.001,0.001,0.001,0.158,0.16,0.172,0.149,0.149,0,0,819,47,-2.27,-0.01,1.52,-1.23,0,0,0,0,0,0,0,0,0,0.126,0,0,0,0,0.055,0.819,0.62,2,2,2,1,0,0,0,0,0,0,0,0,0,0,0,0,0,1,1,0,0,0,0,0,0,0,0,0,0,6075,6808
0,1,0,1,2,0.32,0.01,0.5,1,0,0.871,0.988,0.998,0.53,2.151,2.768,5.67,5.67,663.1,2.94E-64,911,12,-0.65,0.82,3.91,3.65,0,0,0,0,0,0.047,0,0.008,0,0,0,0,0,0,0.008,0.937,0,1,2,2,1.6,0,0,0,0,0,0,0,0,0,0,0,0,0,1,1,0,1,0,0,0,0,0,0,0,0,543508,187912
0,1,1,0,4,0.76,0.36,1,1,0,0.003,1,0.95,-0.333,1.099,0.543,5.02,3.12,2216,6.28E-242,761,73,2.08,0.19,-3.17,-0.25,0,0.945,0.008,0,0,0.039,0,0,0,0,0,0,0,0,0.008,0,8.41,38.08,1,32.16,0,2,16,16,5.26,15.7,6.13,3.78,0.5,0.04,0.29,0.64,0.11,1,1,0,0,0,0,0,0,0,0,42,68,274.228,89,6211
0,1,0,1,2,0.47,0.05,0,0.5,0,0,0,0,-4.142,-5.073,-4.91,1.16,-2.32,0,0,927,60,-2.07,0.12,1.38,-0.58,0,0,0.016,0,0.008,0.236,0.024,0.181,0,0.039,0,0,0,0.024,0.126,0.346,0,2,5,2.36,0.2,0,0,0,0,0,0,0,0,0,0,0,0,0,0,0,1,0,0,0,0,0,0,0,0,0,19346,36518
0,1,0,1,2,0.35,0.04,1,1,0,0.003,0,0,-0.354,-0.342,-0.288,3.49,-1.73,0,0,991,69,1.7,0.26,-2.93,0.88,0,0,0,0,0,0.008,0,0.016,0,0.016,0,0,0,0,0.008,0.953,0,3,9.32,2.84,1,0,0,0,0,0,0,0,0,0,0,0,0,0,0,1,0,1,0,0,0,0,0,0,0,0,385260,1699312
0,1,0,1,2,0.3,0.01,1,1,0,0.001,0,0,-0.98,-0.675,-0.672,1.43,-1.78,0,0,934,-51,1.07,-0.18,-1.82,0.06,0,0,0,0,0,0,0,0,0,0.016,0,0,0,0,0.008,0.976,0,1,1.2,1,0.3,0,0,0,0,0,0,0,0,0,0,0,0,0,0,1,0,1,0,0,0,0,0,0,0,0,611756,161960
0,1,0,1,2,0.36,0.01,1,1,0,0.02,0.004,0.005,-0.956,-1.207,-1.167,0.587,-1.17,0,0,911,49,0.29,0.47,2.54,2.02,0,0,0,0,0,0.228,0,0,0,0,0,0,0,0,0.016,0.756,0,3,2,3,1.8,0,0,0,0,0,0,0,0,0,0,0,0,0,0,1,0,0,0,0,0,0,0,0,0,0,32986,2238
0,1,0,1,2,0.24,0.01,1,1,0,0.002,0.001,0.001,-0.269,0.547,0.764,3.55,2.37,0,0,942,111,1.59,0.46,-2.86,0.91,0,0,0,0,0.031,0.276,0,0,0,0,0,0,0,0,0.008,0.685,0,2,1,1,0,0,0,0,0,0,0,0,0,0,0,0,0,0,0,1,0,0,0,0,0,0,0,0,0,0,412899,98151
0,1,0,0,0,0.5,0.01,1,1,0,0.265,0.001,0.001,0.255,0.737,0.782,1.09,1.09,0,0,994,-54,-2.04,0.38,1.99,1.3,0,0,0,0,0,0.134,0,0.071,0,0.087,0,0,0.008,0.055,0.22,0.425,0,4.08,4,2.8,1.9,0,0,0,0,0,0,0,0,0,0,0,0,0,1,1,0,1,0,0,0,0,0,0,0,0,25084,24035
0,1,0,1,2,0.54,0.01,1,1,0,0.384,0,0,0.249,-1.895,-1.854,2.01,-4.03,0,0,597,-22,0,0.41,2.46,2.43,0,0,0.157,0,0,0.008,0,0.457,0,0,0,0,0,0,0.016,0.362,0.84,76.92,70.08,15.6,1.5,0,0,0,0,0,0,0,0,0,0,0,0,0,1,0,1,0,0,0,0,0,0,1,2,59.1998,18798,36215
0,1,0,1,2,0.35,0.01,1,1,0,0.006,0,0.001,-0.302,0.438,0.837,5.8,3.41,0,0,850,-21,-0.74,0.56,4.36,5.99,0,0,0,0,0.008,0.22,0,0.102,0,0,0,0,0,0,0.071,0.598,0,7.4,9.4,5.44,0.6,0,0,0,0,0,0,0,0,0,0,0,0,0,1,1,1,1,0,0,0,0,0,0,0,0,24943,100303
0,1,0,0,0,0.53,0.01,1,1,0,0.017,0.002,0.003,-0.4,-0.754,-0.706,1.04,-2.07,0,0,880,-15,-2.01,0.08,2.06,-1.01,0,0,0,0,0,0.008,0,0.008,0,0.008,0,0,0,0,0.276,0.701,0,3,17.88,2.88,0.6,0,0,0,0,0,0,0,0,0,0,0,0,0,1,1,0,0,0,0,0,0,0,0,0,0,43668,21225
0,1,0,1,2,0.53,0.04,1,1,0,0,0,0,-0.142,0.196,0.367,3.29,1.43,0,0,977,-18,2.23,0.55,-2.79,-0.07,0,0,0,0,0,0.008,0,0.031,0,0.102,0,0,0,0.008,0.15,0.701,0,1.6,3.68,2,1.4,0,0,0,0,0,0,0,0,0,0,0,0,1,0,0,1,0,0,0,0,0,0,0,0,0,95678,53926
0,1,0,0,0,0.42,0.01,1,1,0,0.007,0,0,-0.243,-0.325,-0.321,3.96,-1.89,0,0,974,-28,2.36,0.26,0.3,-0.36,0,0,0.008,0,0,0,0,0.008,0,0.008,0,0,0,0.008,0.205,0.764,0.64,15.88,19.32,6.28,1.8,0,0,0,0,0,0,0,0,0,0,0,0,0,0,0,1,0,1,-0.62,0,0,0,0,0,0,50494,49731
0,1,0,1,2,0.51,0.01,1,1,0,0.003,0.006,0.007,0.455,1.343,1.378,1.88,1.88,0,0,914,-51,-2.16,0.13,2.16,-0.77,0,0,0,0,0.102,0.756,0,0.008,0,0,0,0,0,0,0,0.134,0,4,4,2,0.8,2,1.11,1.83,0,0,0,0,0.05,0.01,0.01,0.03,0,0,0,1,1,0,0,0,0,0,0,0,0,0,50969,69151
0,1,0,1,2,0.3,0.05,0,1,0,0.073,0.073,0.078,0.105,0.107,0.112,0.0465,0.0465,0,0,587,7,-2.96,-0.09,2.79,-1.68,0,0,0,0,0,0.276,0,0,0,0,0,0,0,0,0,0.724,1.91,0,1,1,0.3,0,0,0,0,0,0,0,0,0,0,0,0,0,0,0,1,0,0,0,0,0,0,0,0,0,6512,27204
0,1,0,0,0,0.56,0.07,0,0,0,0.053,0.225,0.27,0.11,0.461,0.472,0.381,0.381,0,0,879,-53,-0.12,0.49,1.77,2.54,0,0,0,0,0,0,0,0,0,0.008,0,0,0,0,0.016,0.976,0.41,3,2,20,0,0,0,0,0,0,0,0,0,0,0,0,0,0,1,1,0,0,0,0,0,0,0,0,0,0,65428,64560
0,1,0,1,2,0.4,0.01,1,1,0,0.002,0,0,0.455,-0.573,-0.526,1.64,-2.71,0,0,903,-37,1.11,0.58,-3.24,1.28,0,0,0,0,0,0.008,0,0.016,0,0.063,0,0,0,0,0.031,0.882,0,1,2.72,3.44,1,0,0,0,0,0,0,0,0,0,0,0,0,0,0,1,0,1,1,-0.19,0,0,0,0,0,0,886,728
0,1,0,1,2,0.51,0.03,1,1,0,0.001,0,0,-0.269,-1.568,-1.451,1.95,-3.91,0,0,965,35,2.47,0.01,-3.49,0.06,0,0,0,0,0.031,0.063,0,0,0,0.016,0,0,0,0.008,0.055,0.827,0,2,2,1,1.8,0,0,0,0,0,0,0,0,0,0,0,0,0,1,1,0,1,14,0.07,0,0,0,0,0,0,31407,117283
0,1,0,0,0,0.28,0.01,1,1,0,0.946,1,1,0.651,2.584,3.131,5.19,5.19,1198.3,4.34E-193,969,9,1.93,0.21,-0.89,1.21,0,0,0,0,0,0,0,0,0,0.008,0,0,0,0,0.016,0.976,0,2.64,1.72,4,0.2,0,0,0,0,0,0,0,0,0,0,0,0,0,0,0,1,0,0,0,0,0,0,0,0,0,28607,66163
0,1,0,0,0,0.5,0.13,0,0,0.95,0.05,0.049,0.051,0.11,0.109,0.111,0,0,0,0,988,16,2.83,0.24,-1.29,0.6,0,0,0,0,0,0.024,0,0,0,0.063,0,0,0,0.008,0.15,0.756,0,1,1,1,0,0,0,0,0,0,0,0,0,0,0,0,0,0,1,1,1,1,0,0,0,0,0,0,0,0,14342,20879
0,1,1,0,4,0.5,0.07,1,1,0,0.004,0,0,0.3,-0.947,-0.954,0.643,-1.29,0,0,310,-19,0.47,-0.02,-4.61,-0.8,0,0,0,0,0,0.039,0,0.024,0,0,0,0,0,0.008,0.283,0.646,0,5,11.6,2,2.4,0,0,0,0,0,0,0,0,0,0,0,0,0,1,0,0,1,0,0,0,0,0,2,2,63.561,5593,13156
0,1,0,1,2,0.4,0.01,1,1,0,0.079,0.069,0.097,0.53,0.74,0.815,3.7,2.49,0,0,912,94,-1.75,-0.21,0.91,-1.16,0,0,0,0,0,0.047,0,0.039,0,0,0,0,0,0,0.024,0.89,0,2.84,1,2.24,1.5,0,0,0,0,0,0,0,0,0,0,0,0,0,0,1,0,1,0,0,0,0,0,0,0,0,542219,189201
0,1,0,1,2,0.45,0.04,1,1,0,0.02,0.02,0.023,0.166,0.169,0.181,0.158,0.158,0,0,975,9,1.4,-0.65,-5.53,-3,0,0,0,0,0,0.031,0,0.008,0,0.079,0,0,0,0,0.039,0.843,0,3.68,2,3.52,0.8,0,0,0,0,0,0,0,0,0,0,0,0,0,0,1,0,1,0,0,0,0,0,0,0,0,232554,471631
0,1,0,1,2,0.4,0.04,0.5,1,0,0.612,0,0,0.587,-0.219,-0.198,4.2,-1.62,0,0,194,2,-1.1,0.26,-2.07,3.94,0,0,0.008,0,0.858,0.102,0.016,0,0,0,0,0,0,0,0,0.016,45.52,3,3,4,0.3,0,0,0,0,0,0,0,0,0,0,0,0,1,0,1,1,0,0,0,0,0,0,0,0,0,65167,1902
0,1,0,1,2,0.54,0.01,1,1,0,0.002,0.001,0.001,-0.435,0.358,0.374,3.33,1.36,0,0,915,-11,2.68,0.15,-1.5,0.46,0,0,0,0,0,0.016,0,0.016,0,0,0,0,0,0.008,0.433,0.528,0,3.6,3.4,4,1.5,0,0,0,0,0,0,0,0,0,0,0,0,0,1,1,1,0,0,0,0,0,0,2,2,42.1237,5760,6769
0,1,1,0,4,0.6,0.13,1,1,0,0.002,0.002,0.002,0.368,0.83,0.882,1.28,1.28,0,0,994,12,-0.78,0.11,3.93,-0.54,0,0,0.008,0,0,0.055,0,0.087,0,0.031,0,0,0,0.039,0.299,0.48,0.89,3,9.28,7.8,1,0,0,0,0,0,0,0,0,0,0,0,0,0,0,0,0,1,1,-0.36,0,0,0,1,4,58.888,7760,7403
0,1,1,0,4,0.42,0.03,1,1,0,0.007,0,0,0.375,-0.812,-0.719,3.53,-4.24,0,0,826,14,-2.5,0.05,1.84,-0.37,0,0,0,0,0,0.465,0,0.087,0,0,0,0,0,0,0.024,0.425,0,7.44,7.12,4,1.4,0,0,0,0,0,0,0,0,0,0,0,0,1,0,0,0,1,0,0,0,0,0,0,0,0,1929,1755
0,1,0,1,2,0.36,0,1,1,0,0.009,0,0,0.525,-0.5,-0.428,3.09,-2.36,0,0,911,-4,-4.25,0.16,4.67,0.39,0,0,0,0,0,0.024,0,0,0,0,0,0,0,0,0,0.976,0,1,3,2,0.9,0,0,0,0,0,0,0,0,0,0,0,0,0,1,1,1,1,0,0,0,0,0,0,0,0,540155,233561
0,1,0,0,0,0.49,0.01,1,1,0,0.001,0.002,0.002,0.255,0.703,0.74,1.02,1.02,0,0,994,-31,-1.4,1.54,1.01,9.87,0,0,0,0,0,0.024,0,0.22,0,0.031,0,0,0,0.039,0.205,0.48,0,4.32,18.16,2,1.8,0,0,0,0,0,0,0,0,0,0,0,0,0,1,1,1,0,1,1,0,0,0,0,0,0,12463,12106
0,1,0,0,0,0.48,0.03,1,1,0,0.001,0.001,0.001,-0.223,-0.157,-0.151,1.52,-0.515,0,0,889,96,-1.04,0.64,-1.05,4.58,0,0,0,0,0,0.008,0,0,0,0.008,0,0,0,0.173,0.48,0.331,0,2,1,1.92,2.6,0,0,0,0,0,0,0,0,0,0,0,0,1,0,1,0,1,0,0,0,0,0,0,0,0,7010,5593
0,1,0,0,0,0.32,0.01,1,1,0,0.001,0,0,-0.554,-0.193,-0.142,1.83,-0.665,0,0,982,-3,-4.02,0.34,4.19,1.39,0,0,0,0,0,0,0,0,0,0.142,0,0,0,0,0.071,0.787,0,1,2.6,2.76,0.2,0,0,0,0,0,0,0,0,0,0,0,0,0,0,0,1,0,1,0.02,0,0,0,0,0,0,120275,112337
0,1,0,1,2,0.4,0.03,1,1,0,0.004,0.001,0.001,0.525,0.199,0.236,3.4,1,0,0,907,7,2.08,0.35,-2.34,0.24,0,0.008,0,0,0.016,0.646,0,0.087,0,0,0,0,0,0,0.063,0.181,0,3,5.48,3,0.9,0,0,0,0,0,0,0,0,0,0,0,0,0,1,1,1,0,0,0,0,0,0,0,0,0,47674,142727
0,1,0,1,2,0.51,0.04,1,1,0,0.065,0.001,0.001,-0.144,-0.233,-0.196,1.92,-1,0,0,840,-45,-3.57,0.07,3.98,0.71,0,0.024,0.118,0,0,0.189,0.008,0.488,0,0,0,0,0,0,0.039,0.134,1.91,56.56,23.08,15.84,2.8,4,0.27,0,0.68,0,0,2.49,0.01,0.01,0,0.02,0.14,1,0,1,0,0,0,0,0,0,0,1,1,132.3644,42,103348
0,0,1,1,1,0.66,0.12,1,1,0,0.087,0.001,0.001,0.307,-0.248,-0.225,0.838,-0.662,0,0,940,54,1.62,0.46,-2.86,0.8,0,0,0,0,0,0.094,0,0.244,0,0,0,0,0.024,0,0.102,0.535,0,14.52,17.96,2.44,0.8,2,0.9,1.56,0,0,0,0,0.04,0,0.01,0.02,0.04,1,0,1,0,0,0,0,0,0,0,0,0,0,5580,3055
0,1,0,1,2,0.43,0.05,1,1,0,0.072,0.004,0.001,-0.25,-0.015,0.079,4.61,0.428,0,0,925,112,1.61,0.2,-2.41,-0.09,0,0.016,0.094,0.008,0.008,0.102,0.016,0.268,0,0.016,0,0,0.008,0.039,0.094,0.331,0,19.4,15.84,6,1.3,2,4.59,2.69,3.05,3.39,1.15,1.88,0.08,0.02,0.06,0.09,0.11,0,1,1,1,1,1,-0.02,0,0,0,6,6,74.9058,13033,42831
0,1,0,0,0,0.56,0.01,1,1,0,0,0,0,-0.719,-1.12,-1.055,0.685,-1.37,0,0,994,-37,-1.19,0.55,3.32,7.12,0,0,0,0,0,0.039,0,0.268,0,0.024,0,0,0,0.039,0.173,0.457,0,3.76,7.76,3.32,1.5,0,0,0,0,0,0,0,0,0,0,0,0,1,0,1,0,1,0,0,0,0,0,0,0,0,11809,11452
0,1,0,1,2,0.42,0,1,1,0,0.021,0.934,0.995,0.587,1.795,2.374,3.72,3.72,0,0,824,-7,-1.75,-0.21,0.91,-1.16,0,0,0.008,0,0,0.22,0,0.307,0,0,0,0,0,0,0.031,0.433,0,25.8,10.64,9.68,1.7,1,5.07,3.11,4.04,1.16,0,0,0.05,0.04,0.02,0.06,0.01,1,0,0,1,1,0,0,0,0,0,9,10,66.82,19332,22006
0,1,0,1,2,0.32,0.01,1,1,0,0.023,0.016,0.022,0.368,0.646,0.704,3.36,2.16,0,0,921,-15,-4.26,0.41,3.88,-0.98,0,0,0,0,0,0,0,0,0,0,0,0,0,0,0.008,0.992,0,3.68,3.16,2,0.4,0,0,0,0,0,0,0,0,0,0,0,0,0,1,1,1,1,0,0,0,0,0,0,0,0,629552,144164
0,1,0,0,0,0.4,0.03,1,1,0,0.007,0,0,0.604,-0.005,-0.013,3.33,-0.142,0,0,941,94,2.27,0.28,-1.92,0.51,0,0,0,0,0,0.008,0,0,0,0.016,0,0,0,0.008,0.244,0.724,0,3.64,3.72,1.08,0.9,0,0,0,0,0,0,0,0,0,0,0,0,1,0,0,1,0,0,0,0,0,0,1,2,43.2309,26180,26054
0,1,1,0,4,0.46,0.04,1,1,0,0.377,0.001,0.001,0.53,0.798,0.858,3.81,2.65,0,0,934,81,1.69,-0.01,-2.89,0.58,0,0,0.016,0,0,0.055,0.008,0.063,0,0.016,0,0,0,0.031,0.102,0.709,0,6.16,18.32,4,1.7,3,0.58,0,1.14,0,0,0,0,0.01,0,0.04,0,0,0,0,1,0,0,0,0,0,0,4,4,74.929,10795,3376
0,1,0,0,0,0.35,0.04,0.5,1,0,0.005,0.017,0.022,0,0.373,0.396,0,0,0,0,974,33,-2.5,-0.05,1.67,-2.92,0,0.039,0.024,0,0,0.039,0,0.039,0,0,0,0,0,0,0.055,0.803,0,3,10.12,4,0.4,0,0,0,0,0,0,0,0,0,0,0,0,0,1,1,1,1,0,0,0,0,0,0,0,0,33776,43708
0,1,0,1,2,0.39,0.01,1,1,0,0.172,0,0,0.452,-0.335,-0.262,3.65,-1.82,0,0,839,-75,-1.1,1.05,2.77,6.17,0,0,0,0,0,0.449,0,0.236,0,0,0,0,0,0.031,0.134,0.15,14.49,24.6,9.32,4.8,0.8,3,3.13,2.54,1.61,0,0,1.51,0.06,0.02,0.01,0.05,0.07,0,0,0,0,1,0,0,0,0,0,7,8,112.0268,1138,1312
0,0,1,1,1,0.32,0.01,1,1,0,0.008,0.002,0.065,0.557,-0.088,-0.044,0.782,-0.167,0,0,994,-43,-5.14,0.64,5.8,2.57,0,0,0,0,0,0.024,0,0.008,0,0,0,0,0,0.024,0.409,0.535,0,1,1,3,0.5,0,0,0,0,0,0,0,0,0,0,0,0,0,1,1,1,1,0,0,0,0,0,0,0,0,541,184
0,1,0,1,2,0.45,0,1,1,0,0.018,0.006,0.008,0.587,-0.181,-0.179,3.23,-0.741,0,0,754,37,2.41,0.39,-0.08,-1.6,0,0,0,0,0,0.016,0,0,0,0.016,0,0,0,0.008,0.031,0.929,0,4,3,2.68,1.3,0,0,0,0,0,0,0,0,0,0,0,0,0,0,1,0,1,0,0,0,0,0,0,0,0,184519,16326
0,1,0,1,2,0.48,0.03,1,1,0,0.003,0,0,-0.332,-0.121,-0.078,3.29,-0.709,0,0,977,83,-2.64,0.01,2.58,-0.19,0,0,0,0,0,0,0,0,0,0.008,0,0,0,0,0,0.992,0,5,4.92,5,0.9,0,0,0,0,0,0,0,0,0,0,0,0,0,1,1,0,1,0,0,0,0,0,0,0,0,392477,1308533
0,1,0,0,0,0.46,0.03,1,1,0,0,0,0,-0.377,-2.002,-1.93,3.47,-6.95,0,0,992,10,1.58,0.15,-2.07,0.88,0,0,0,0,0,0.024,0,0.15,0,0.094,0,0,0.016,0.071,0.205,0.441,0,2.08,4.72,3,1.2,0,0,0,0,0,0,0,0,0,0,0,0,0,1,1,0,1,2,-0.15,0,0,0,0,0,0,22624,21575
0,1,1,0,4,0.58,0.05,1,1,0.99,0.002,0.002,0.997,-1.629,-1.638,-0.14,0,0,0,0,779,71,-2.54,0.01,2.58,-0.97,0,0,0,0,0,0.008,0,0.008,0,0,0,0,0,0,0.071,0.913,0,4.12,5.92,6,0,0,0,0,0,0,0,0,0,0,0,0,0,0,0,0,1,0,0,0,0,0,0,1,1,23.5553,2203,507
0,1,0,1,2,0.48,0,1,1,0,0.007,0,0,0.557,0.249,0.24,4.02,1.19,0,0,927,20,0.8,0.25,2.1,1.63,0,0,0,0,0,0.047,0,0.024,0,0,0,0,0,0.039,0.205,0.685,1.24,3,2.68,2,1.6,0,0,0,0,0,0,0,0,0,0,0,0,0,1,1,1,1,0,0,0,0,0,0,0,0,212777,37023
0,1,1,0,4,0.5,0,1,1,0,0.173,0,0,-0.47,-1.058,-1.019,4.64,-7.01,0,0,735,-8,2.39,0.3,-0.14,-1.5,0,0,0.016,0,0.008,0.386,0.016,0.504,0,0,0,0,0,0,0.039,0.031,0,36.76,23.04,9.4,2.5,0,0,0,0,0,0,0,0,0,0,0,0,0,1,0,1,0,0,0,0,0,0,20,22,120.647,11799,11706
0,1,0,1,2,0.25,0.01,1,1,0,0.002,0.084,0.112,-0.902,0.125,0.116,3.41,0.635,0,0,861,-18,-1.02,0.22,2.11,-0.28,0,0,0,0,0,0.047,0,0,0,0.008,0,0,0,0,0.142,0.803,0,2,1,1,0.1,0,0,0,0,0,0,0,0,0,0,0,0,0,0,1,0,1,2,-0.02,0,0,0,0,0,0,4520,1603
0,1,0,0,0,0.36,0.01,1,1,0,0.002,0.001,0.001,0.54,0.533,0.547,0.537,0.537,0,0,981,-59,-2.31,-0.27,4.36,0.29,0,0,0,0,0,0,0,0,0,0.118,0,0,0,0,0.071,0.811,0,3,1,3,0.4,0,0,0,0,0,0,0,0,0,0,0,0,0,0,1,1,0,0,0,0,0,0,0,0,0,120077,112139
0,1,0,1,2,0.48,0.01,1,1,0,0.001,0.008,0.009,-0.31,0.936,0.934,3.32,2.41,0,0,782,91,-2.17,-0.09,1.81,-1.52,0,0.008,0,0,0,0.126,0,0.299,0,0,0,0,0.008,0.008,0.11,0.441,0,43.96,18,4,1.9,1,6.1,5.22,2.35,1.14,0,0,0.14,0.02,0.03,0.02,0.03,0,1,0,0,1,0,0,0,0,0,20,30,205.676,656,40682
0,1,0,1,2,0.34,0,1,1,0,0.012,0.002,0.004,-0.674,-0.63,-0.59,0.537,-1.07,0,0,905,20,-0.61,0.84,2.95,6.51,0,0,0,0,0.165,0.173,0,0,0,0.008,0,0,0,0,0.008,0.646,2.66,1,3,3.92,1,0,0,0,0,0,0,0,0,0,0,0,0,1,0,0,0,1,0,0,0,0,0,0,0,0,108073,21528
0,1,1,0,4,0.49,0.03,1,1,0,0.024,0.011,0.012,0.486,0.083,0.076,1.23,0.222,0,0,946,7,0.88,-0.77,-2.57,-1.64,0,0,0,0,0,0.016,0,0.071,0,0.016,0,0,0,0.008,0.205,0.685,0,4,10.28,4.4,2.1,0,0,0,0,0,0,0,0,0,0,0,0,1,0,1,0,1,0,0,0,0,0,0,0,0,76695,78925
1,0,0,0,1,0.4,0.03,1,1,0,0.038,0,0,0.255,-1.195,-1.1,2.88,-5.77,0,0,945,-1,-3.67,0.3,3.69,0.63,0,0,0,0,0,0.079,0,0.008,0,0.008,0,0,0,0.016,0.307,0.583,0,4.84,3.12,1.2,1,0,0,0,0,0,0,0,0,0,0,0,0,0,1,1,1,0,0,0,0,0,0,0,0,0,4775,5302
0,1,0,1,2,0.54,0.01,1,1,0,0.428,0.001,0.001,0.299,0.413,0.409,2.01,1.12,0,0,597,1,-2.24,0.02,1.65,-0.5,0,0,0.157,0,0,0.008,0,0.457,0,0,0,0,0,0,0.016,0.362,0.84,76.92,70.08,15.6,1.5,0,0,0,0,0,0,0,0,0,0,0,0,0,1,0,1,0,0,0,0,0,0,1,2,59.1998,18793,36220
0,1,0,0,0,0.52,0.05,0,1,0,0.003,0.003,0.003,0.198,0.195,0.202,0.158,0.158,0,0,897,66,1.43,0.09,-2.12,0.03,0,0,0,0,0,0,0,0,0,0.008,0,0,0,0,0.016,0.976,0,1.72,0.52,2,0.9,0,0,0,0,0,0,0,0,0,0,0,0,0,1,1,0,0,0,0,0,0,0,0,0,0,64347,64467
0,1,0,1,2,0.5,0.04,1,1,0,0.004,0,0,0.375,-0.324,-0.267,3.73,-1.56,0,0,974,7,-0.57,0.7,3.19,8.71,0,0,0,0,0,0.031,0,0,0,0.071,0,0,0,0.008,0.031,0.858,0,5.36,5.12,3.68,0.8,0,0,0,0,0,0,0,0,0,0,0,0,1,0,1,1,0,0,0,0,0,0,0,0,0,233736,470449
0,1,0,1,2,0.28,0,0.5,1,0,0.003,0.001,0.002,-0.377,-0.016,0.102,3.53,-0.127,0,0,942,20,-2.67,0.2,1.99,-0.84,0,0,0,0,0,0.315,0,0.016,0,0,0,0,0,0,0.008,0.661,0,1.84,1.92,1,0.5,0,0,0,0,0,0,0,0,0,0,0,0,0,0,1,0,1,2,0.23,0,0,0,0,0,0,404752,106298
0,1,0,1,2,0.3,0,1,1,0,0.001,0,0,-0.561,-1.123,-0.943,1.74,-3.48,0,0,856,-4,-0.07,0.82,3.91,2.04,0,0,0,0,0,0.047,0,0,0,0,0,0,0,0,0,0.953,0,2,2,1,0.3,0,0,0,0,0,0,0,0,0,0,0,0,0,1,1,0,1,0,0,0,0,0,0,0,0,92371,29416
0,1,0,0,0,0.4,0,1,1,0,0.025,0.001,0.001,0.55,0.447,0.444,2.1,1.24,0,0,651,-2,1.69,0.15,-2.51,1.08,0,0,0,0,0,0.016,0,0,0,0,0,0,0,0,0.047,0.937,0,4,2,2.72,1.5,0,0,0,0,0,0,0,0,0,0,0,0,0,0,1,0,1,0,0,0,0,0,0,0,0,5057,5802
0,1,1,0,4,0.52,0.09,1,1,0,0.002,0.001,0,0.651,0.064,-0.066,2.84,-0.2,0,0,550,2,2.34,-0.03,-2.95,0.22,0,0.748,0.22,0.024,0,0,0,0,0,0,0.008,0,0,0,0,0,14.66,470.72,47.32,180.16,1.8,2,11.26,9.32,4.32,16,2.62,11.8,0.22,0.04,0.98,0.23,0.3,1,1,0,0,0,1,-0.04,0,0,0,48,61,395.6025,224,1522
0,1,0,1,2,0.27,0,1,1,0,0.002,0.001,0.001,-0.353,-0.418,-0.383,1.38,-1.51,0,0,689,-28,-4.18,-0.11,4.19,0.18,0,0,0,0,0,0.134,0,0,0,0,0,0,0,0,0.016,0.85,0,3,2,3,1,0,0,0,0,0,0,0,0,0,0,0,0,0,0,1,0,1,0,0,0,0,0,0,0,0,610,939
0,1,0,1,2,0.34,0,1,1,0,0.241,0.005,0.008,0.478,-1.114,-0.981,3.02,-5.1,0,0,840,-55,-0.98,1.51,3.85,4.68,0,0,0.016,0,0,0.441,0.016,0.339,0,0,0,0,0,0,0.039,0.15,0,31.12,23.44,13.64,1.3,0,0,0,0,0,0,0,0,0,0,0,0,1,0,0,0,1,0,0,0,0,0,0,0,0,38604,104664
0,1,0,1,2,0.34,0.01,1,1,0,0,0,0,-1.311,-0.278,-0.274,4.16,-1.47,0,0,847,20,2.69,0.15,-1.5,0.27,0,0,0,0,0,0.047,0,0.008,0,0,0,0,0,0,0.268,0.677,0,3.32,2.04,3,0.3,0,0,0,0,0,0,0,0,0,0,0,0,0,0,1,0,1,0,0,0,0,0,0,0,0,26103,26122
0,1,0,1,2,0.44,0.03,1,1,0,0.006,0,0,-0.481,-0.879,-0.798,3.15,-3.78,0,0,981,28,2.89,-0.02,0.14,-0.15,0,0,0,0,0,0.031,0.008,0.079,0,0.118,0,0,0,0.008,0.15,0.606,0,2,3.72,3.28,0.8,0,0,0,0,0,0,0,0,0,0,0,0,1,0,0,1,0,0,0,0,0,0,1,1,28.6975,101777,47827
1,0,0,0,1,0.4,0.01,1,1,0,0.001,0,0,-0.746,0.01,0.031,2.51,0.105,0,0,945,14,1.6,0.37,-1.9,0.84,0,0,0,0,0,0.087,0,0.008,0,0.008,0,0,0,0.008,0.323,0.567,0,5.24,3.84,2,1.9,0,0,0,0,0,0,0,0,0,0,0,0,0,1,1,1,0,0,0,0,0,0,0,0,0,4701,5228
0,0,0,1,3,0.6,0.05,1,1,0,0.044,0.164,0.176,0.651,2.458,2.439,3.87,3.87,0,0,943,-19,2.08,0.55,-2.79,-0.05,-0.0818,0.094,0.016,0,0,0.142,0,0.016,0,0,0,0,0,0.047,0.22,0.465,648.84,121,9.4,52.16,1,1,6.91,4.49,4.1,0,3.21,0,0.11,0.03,0,0.29,0,1,0,0,1,0,0,0,0,0,0,7,7,84.0459,13,15489
0,1,0,0,0,0.36,0,0,0,0,0.396,0.394,0.471,0.157,0.159,0.169,0.118,0.118,0,0,969,-34,-1.49,-0.55,0.65,-1.58,0,0,0,0,0,0.008,0,0.016,0,0.087,0,0,0,0,0,0.89,0,1,0,0,0,0,0,0,0,0,0,0,0,0,0,0,0,0,0,0,1,0,0,0,0,0,0,0,0,0,106880,107183
0,1,0,0,0,0.36,0.01,1,1,0.95,0.001,0.001,0.001,-3.617,-3.532,-3.115,0.9,-1.8,0,0,977,4,-1.83,-0.16,1.57,-1.24,0,0,0,0,0,0,0,0,0,0.031,0,0,0,0,0,0.969,0,1,1.68,3.64,0.5,0,0,0,0,0,0,0,0,0,0,0,0,0,1,1,0,1,0,0,0,0,0,0,0,0,310283,310194
0,1,0,1,2,0.33,0.01,1,1,0,0.001,0,0,0.478,0.329,0.36,2.26,1.11,0,0,942,-16,-3.36,-0.39,1.67,-1.98,0,0,0,0,0,0.323,0,0,0,0,0,0,0,0,0.008,0.669,0,1,1,2,0.4,0,0,0,0,0,0,0,0,0,0,0,0,0,0,1,0,1,0,0,0,0,0,0,0,0,405968,105082
0,1,0,0,0,0.56,0.04,1,1,0,0,0.001,0.106,-0.436,-0.91,0.403,0.592,-1.18,0,0,1000,94,2.06,0.19,-3.17,-0.47,0,0,0,0,0,0.008,0,0,0,0.276,0,0,0,0,0.094,0.622,0,3,4.32,5.32,1.6,0,0,0,0,0,0,0,0,0,0,0,0,1,0,1,0,1,0,0,0,0,0,0,0,0,135912,103146
0,1,0,1,2,0.32,0,1,1,0,0.001,0,0,-0.426,-0.173,-0.124,1.97,-0.732,0,0,947,1,2.19,0.04,-2.78,-0.3,0,0,0,0,0.016,0.315,0,0,0,0.024,0,0,0,0,0.008,0.638,0,2,1,6,1.1,0,0,0,0,0,0,0,0,0,0,0,0,0,1,1,1,0,0,0,0,0,0,0,0,0,403469,107581
0,1,0,0,0,0.48,0.01,1,1,0,0.916,0.001,0.001,0.651,1.356,1.343,4.2,3.3,0,0,980,-41,-0.04,0.24,4.04,1.85,0,0,0,0,0,0,0,0,0,0.039,0,0,0,0,0.165,0.795,0,1.8,2,2,2.1,0,0,0,0,0,0,0,0,0,0,0,0,0,0,1,0,1,0,0,0,0,0,0,0,0,261446,260683
0,1,0,0,0,0.34,0,0,1,0,0.012,0,0,-0.274,-0.227,-0.327,3.28,-1.72,0,0,881,44,-2.78,0.13,2.55,-1,0,0,0,0,0,0,0,0,0,0,0,0,0,0,0.26,0.74,0,3.32,1.52,2,0.6,0,0,0,0,0,0,0,0,0,0,0,0,0,1,1,1,1,0,0,0,0,0,0,0,0,48133,16760
0,1,0,1,2,0.31,0,1,1,0,0.002,0,0.001,0.521,0.215,0.27,3.55,1.05,0,0,899,-64,-1.13,1.18,2.64,7.75,0,0,0,0,0,0.008,0,0,0,0,0,0,0,0,0.008,0.984,0,2.4,0.32,1.68,0.1,0,0,0,0,0,0,0,0,0,0,0,0,0,0,0,1,0,1,0.2,0,0,0,0,0,0,335369,380147
